{
  "": {
    "swift-dependencies": "/Users/Nestor/Documents/iOSBackup/RxSwift_01/.build/debug/RxSwift.build/master.swiftdeps"
  },
  "/Users/Nestor/Documents/iOSBackup/RxSwift_01/Packages/RxSwift-3.4.1/Sources/RxSwift/AddRef.swift": {
    "dependencies": "/Users/Nestor/Documents/iOSBackup/RxSwift_01/.build/debug/RxSwift.build/AddRef.d",
    "object": "/Users/Nestor/Documents/iOSBackup/RxSwift_01/.build/debug/RxSwift.build/AddRef.swift.o",
    "swiftmodule": "/Users/Nestor/Documents/iOSBackup/RxSwift_01/.build/debug/RxSwift.build/AddRef~partial.swiftmodule",
    "swift-dependencies": "/Users/Nestor/Documents/iOSBackup/RxSwift_01/.build/debug/RxSwift.build/AddRef.swiftdeps"
  },
  "/Users/Nestor/Documents/iOSBackup/RxSwift_01/Packages/RxSwift-3.4.1/Sources/RxSwift/Amb.swift": {
    "dependencies": "/Users/Nestor/Documents/iOSBackup/RxSwift_01/.build/debug/RxSwift.build/Amb.d",
    "object": "/Users/Nestor/Documents/iOSBackup/RxSwift_01/.build/debug/RxSwift.build/Amb.swift.o",
    "swiftmodule": "/Users/Nestor/Documents/iOSBackup/RxSwift_01/.build/debug/RxSwift.build/Amb~partial.swiftmodule",
    "swift-dependencies": "/Users/Nestor/Documents/iOSBackup/RxSwift_01/.build/debug/RxSwift.build/Amb.swiftdeps"
  },
  "/Users/Nestor/Documents/iOSBackup/RxSwift_01/Packages/RxSwift-3.4.1/Sources/RxSwift/AnonymousDisposable.swift": {
    "dependencies": "/Users/Nestor/Documents/iOSBackup/RxSwift_01/.build/debug/RxSwift.build/AnonymousDisposable.d",
    "object": "/Users/Nestor/Documents/iOSBackup/RxSwift_01/.build/debug/RxSwift.build/AnonymousDisposable.swift.o",
    "swiftmodule": "/Users/Nestor/Documents/iOSBackup/RxSwift_01/.build/debug/RxSwift.build/AnonymousDisposable~partial.swiftmodule",
    "swift-dependencies": "/Users/Nestor/Documents/iOSBackup/RxSwift_01/.build/debug/RxSwift.build/AnonymousDisposable.swiftdeps"
  },
  "/Users/Nestor/Documents/iOSBackup/RxSwift_01/Packages/RxSwift-3.4.1/Sources/RxSwift/AnonymousInvocable.swift": {
    "dependencies": "/Users/Nestor/Documents/iOSBackup/RxSwift_01/.build/debug/RxSwift.build/AnonymousInvocable.d",
    "object": "/Users/Nestor/Documents/iOSBackup/RxSwift_01/.build/debug/RxSwift.build/AnonymousInvocable.swift.o",
    "swiftmodule": "/Users/Nestor/Documents/iOSBackup/RxSwift_01/.build/debug/RxSwift.build/AnonymousInvocable~partial.swiftmodule",
    "swift-dependencies": "/Users/Nestor/Documents/iOSBackup/RxSwift_01/.build/debug/RxSwift.build/AnonymousInvocable.swiftdeps"
  },
  "/Users/Nestor/Documents/iOSBackup/RxSwift_01/Packages/RxSwift-3.4.1/Sources/RxSwift/AnonymousObserver.swift": {
    "dependencies": "/Users/Nestor/Documents/iOSBackup/RxSwift_01/.build/debug/RxSwift.build/AnonymousObserver.d",
    "object": "/Users/Nestor/Documents/iOSBackup/RxSwift_01/.build/debug/RxSwift.build/AnonymousObserver.swift.o",
    "swiftmodule": "/Users/Nestor/Documents/iOSBackup/RxSwift_01/.build/debug/RxSwift.build/AnonymousObserver~partial.swiftmodule",
    "swift-dependencies": "/Users/Nestor/Documents/iOSBackup/RxSwift_01/.build/debug/RxSwift.build/AnonymousObserver.swiftdeps"
  },
  "/Users/Nestor/Documents/iOSBackup/RxSwift_01/Packages/RxSwift-3.4.1/Sources/RxSwift/AnyObserver.swift": {
    "dependencies": "/Users/Nestor/Documents/iOSBackup/RxSwift_01/.build/debug/RxSwift.build/AnyObserver.d",
    "object": "/Users/Nestor/Documents/iOSBackup/RxSwift_01/.build/debug/RxSwift.build/AnyObserver.swift.o",
    "swiftmodule": "/Users/Nestor/Documents/iOSBackup/RxSwift_01/.build/debug/RxSwift.build/AnyObserver~partial.swiftmodule",
    "swift-dependencies": "/Users/Nestor/Documents/iOSBackup/RxSwift_01/.build/debug/RxSwift.build/AnyObserver.swiftdeps"
  },
  "/Users/Nestor/Documents/iOSBackup/RxSwift_01/Packages/RxSwift-3.4.1/Sources/RxSwift/AsMaybe.swift": {
    "dependencies": "/Users/Nestor/Documents/iOSBackup/RxSwift_01/.build/debug/RxSwift.build/AsMaybe.d",
    "object": "/Users/Nestor/Documents/iOSBackup/RxSwift_01/.build/debug/RxSwift.build/AsMaybe.swift.o",
    "swiftmodule": "/Users/Nestor/Documents/iOSBackup/RxSwift_01/.build/debug/RxSwift.build/AsMaybe~partial.swiftmodule",
    "swift-dependencies": "/Users/Nestor/Documents/iOSBackup/RxSwift_01/.build/debug/RxSwift.build/AsMaybe.swiftdeps"
  },
  "/Users/Nestor/Documents/iOSBackup/RxSwift_01/Packages/RxSwift-3.4.1/Sources/RxSwift/AsSingle.swift": {
    "dependencies": "/Users/Nestor/Documents/iOSBackup/RxSwift_01/.build/debug/RxSwift.build/AsSingle.d",
    "object": "/Users/Nestor/Documents/iOSBackup/RxSwift_01/.build/debug/RxSwift.build/AsSingle.swift.o",
    "swiftmodule": "/Users/Nestor/Documents/iOSBackup/RxSwift_01/.build/debug/RxSwift.build/AsSingle~partial.swiftmodule",
    "swift-dependencies": "/Users/Nestor/Documents/iOSBackup/RxSwift_01/.build/debug/RxSwift.build/AsSingle.swiftdeps"
  },
  "/Users/Nestor/Documents/iOSBackup/RxSwift_01/Packages/RxSwift-3.4.1/Sources/RxSwift/AsyncLock.swift": {
    "dependencies": "/Users/Nestor/Documents/iOSBackup/RxSwift_01/.build/debug/RxSwift.build/AsyncLock.d",
    "object": "/Users/Nestor/Documents/iOSBackup/RxSwift_01/.build/debug/RxSwift.build/AsyncLock.swift.o",
    "swiftmodule": "/Users/Nestor/Documents/iOSBackup/RxSwift_01/.build/debug/RxSwift.build/AsyncLock~partial.swiftmodule",
    "swift-dependencies": "/Users/Nestor/Documents/iOSBackup/RxSwift_01/.build/debug/RxSwift.build/AsyncLock.swiftdeps"
  },
  "/Users/Nestor/Documents/iOSBackup/RxSwift_01/Packages/RxSwift-3.4.1/Sources/RxSwift/AsyncSubject.swift": {
    "dependencies": "/Users/Nestor/Documents/iOSBackup/RxSwift_01/.build/debug/RxSwift.build/AsyncSubject.d",
    "object": "/Users/Nestor/Documents/iOSBackup/RxSwift_01/.build/debug/RxSwift.build/AsyncSubject.swift.o",
    "swiftmodule": "/Users/Nestor/Documents/iOSBackup/RxSwift_01/.build/debug/RxSwift.build/AsyncSubject~partial.swiftmodule",
    "swift-dependencies": "/Users/Nestor/Documents/iOSBackup/RxSwift_01/.build/debug/RxSwift.build/AsyncSubject.swiftdeps"
  },
  "/Users/Nestor/Documents/iOSBackup/RxSwift_01/Packages/RxSwift-3.4.1/Sources/RxSwift/Bag+Rx.swift": {
    "dependencies": "/Users/Nestor/Documents/iOSBackup/RxSwift_01/.build/debug/RxSwift.build/Bag+Rx.d",
    "object": "/Users/Nestor/Documents/iOSBackup/RxSwift_01/.build/debug/RxSwift.build/Bag+Rx.swift.o",
    "swiftmodule": "/Users/Nestor/Documents/iOSBackup/RxSwift_01/.build/debug/RxSwift.build/Bag+Rx~partial.swiftmodule",
    "swift-dependencies": "/Users/Nestor/Documents/iOSBackup/RxSwift_01/.build/debug/RxSwift.build/Bag+Rx.swiftdeps"
  },
  "/Users/Nestor/Documents/iOSBackup/RxSwift_01/Packages/RxSwift-3.4.1/Sources/RxSwift/Bag.swift": {
    "dependencies": "/Users/Nestor/Documents/iOSBackup/RxSwift_01/.build/debug/RxSwift.build/Bag.d",
    "object": "/Users/Nestor/Documents/iOSBackup/RxSwift_01/.build/debug/RxSwift.build/Bag.swift.o",
    "swiftmodule": "/Users/Nestor/Documents/iOSBackup/RxSwift_01/.build/debug/RxSwift.build/Bag~partial.swiftmodule",
    "swift-dependencies": "/Users/Nestor/Documents/iOSBackup/RxSwift_01/.build/debug/RxSwift.build/Bag.swiftdeps"
  },
  "/Users/Nestor/Documents/iOSBackup/RxSwift_01/Packages/RxSwift-3.4.1/Sources/RxSwift/BehaviorSubject.swift": {
    "dependencies": "/Users/Nestor/Documents/iOSBackup/RxSwift_01/.build/debug/RxSwift.build/BehaviorSubject.d",
    "object": "/Users/Nestor/Documents/iOSBackup/RxSwift_01/.build/debug/RxSwift.build/BehaviorSubject.swift.o",
    "swiftmodule": "/Users/Nestor/Documents/iOSBackup/RxSwift_01/.build/debug/RxSwift.build/BehaviorSubject~partial.swiftmodule",
    "swift-dependencies": "/Users/Nestor/Documents/iOSBackup/RxSwift_01/.build/debug/RxSwift.build/BehaviorSubject.swiftdeps"
  },
  "/Users/Nestor/Documents/iOSBackup/RxSwift_01/Packages/RxSwift-3.4.1/Sources/RxSwift/BinaryDisposable.swift": {
    "dependencies": "/Users/Nestor/Documents/iOSBackup/RxSwift_01/.build/debug/RxSwift.build/BinaryDisposable.d",
    "object": "/Users/Nestor/Documents/iOSBackup/RxSwift_01/.build/debug/RxSwift.build/BinaryDisposable.swift.o",
    "swiftmodule": "/Users/Nestor/Documents/iOSBackup/RxSwift_01/.build/debug/RxSwift.build/BinaryDisposable~partial.swiftmodule",
    "swift-dependencies": "/Users/Nestor/Documents/iOSBackup/RxSwift_01/.build/debug/RxSwift.build/BinaryDisposable.swiftdeps"
  },
  "/Users/Nestor/Documents/iOSBackup/RxSwift_01/Packages/RxSwift-3.4.1/Sources/RxSwift/BooleanDisposable.swift": {
    "dependencies": "/Users/Nestor/Documents/iOSBackup/RxSwift_01/.build/debug/RxSwift.build/BooleanDisposable.d",
    "object": "/Users/Nestor/Documents/iOSBackup/RxSwift_01/.build/debug/RxSwift.build/BooleanDisposable.swift.o",
    "swiftmodule": "/Users/Nestor/Documents/iOSBackup/RxSwift_01/.build/debug/RxSwift.build/BooleanDisposable~partial.swiftmodule",
    "swift-dependencies": "/Users/Nestor/Documents/iOSBackup/RxSwift_01/.build/debug/RxSwift.build/BooleanDisposable.swiftdeps"
  },
  "/Users/Nestor/Documents/iOSBackup/RxSwift_01/Packages/RxSwift-3.4.1/Sources/RxSwift/Buffer.swift": {
    "dependencies": "/Users/Nestor/Documents/iOSBackup/RxSwift_01/.build/debug/RxSwift.build/Buffer.d",
    "object": "/Users/Nestor/Documents/iOSBackup/RxSwift_01/.build/debug/RxSwift.build/Buffer.swift.o",
    "swiftmodule": "/Users/Nestor/Documents/iOSBackup/RxSwift_01/.build/debug/RxSwift.build/Buffer~partial.swiftmodule",
    "swift-dependencies": "/Users/Nestor/Documents/iOSBackup/RxSwift_01/.build/debug/RxSwift.build/Buffer.swiftdeps"
  },
  "/Users/Nestor/Documents/iOSBackup/RxSwift_01/Packages/RxSwift-3.4.1/Sources/RxSwift/Cancelable.swift": {
    "dependencies": "/Users/Nestor/Documents/iOSBackup/RxSwift_01/.build/debug/RxSwift.build/Cancelable.d",
    "object": "/Users/Nestor/Documents/iOSBackup/RxSwift_01/.build/debug/RxSwift.build/Cancelable.swift.o",
    "swiftmodule": "/Users/Nestor/Documents/iOSBackup/RxSwift_01/.build/debug/RxSwift.build/Cancelable~partial.swiftmodule",
    "swift-dependencies": "/Users/Nestor/Documents/iOSBackup/RxSwift_01/.build/debug/RxSwift.build/Cancelable.swiftdeps"
  },
  "/Users/Nestor/Documents/iOSBackup/RxSwift_01/Packages/RxSwift-3.4.1/Sources/RxSwift/Catch.swift": {
    "dependencies": "/Users/Nestor/Documents/iOSBackup/RxSwift_01/.build/debug/RxSwift.build/Catch.d",
    "object": "/Users/Nestor/Documents/iOSBackup/RxSwift_01/.build/debug/RxSwift.build/Catch.swift.o",
    "swiftmodule": "/Users/Nestor/Documents/iOSBackup/RxSwift_01/.build/debug/RxSwift.build/Catch~partial.swiftmodule",
    "swift-dependencies": "/Users/Nestor/Documents/iOSBackup/RxSwift_01/.build/debug/RxSwift.build/Catch.swiftdeps"
  },
  "/Users/Nestor/Documents/iOSBackup/RxSwift_01/Packages/RxSwift-3.4.1/Sources/RxSwift/CombineLatest+arity.swift": {
    "dependencies": "/Users/Nestor/Documents/iOSBackup/RxSwift_01/.build/debug/RxSwift.build/CombineLatest+arity.d",
    "object": "/Users/Nestor/Documents/iOSBackup/RxSwift_01/.build/debug/RxSwift.build/CombineLatest+arity.swift.o",
    "swiftmodule": "/Users/Nestor/Documents/iOSBackup/RxSwift_01/.build/debug/RxSwift.build/CombineLatest+arity~partial.swiftmodule",
    "swift-dependencies": "/Users/Nestor/Documents/iOSBackup/RxSwift_01/.build/debug/RxSwift.build/CombineLatest+arity.swiftdeps"
  },
  "/Users/Nestor/Documents/iOSBackup/RxSwift_01/Packages/RxSwift-3.4.1/Sources/RxSwift/CombineLatest+Collection.swift": {
    "dependencies": "/Users/Nestor/Documents/iOSBackup/RxSwift_01/.build/debug/RxSwift.build/CombineLatest+Collection.d",
    "object": "/Users/Nestor/Documents/iOSBackup/RxSwift_01/.build/debug/RxSwift.build/CombineLatest+Collection.swift.o",
    "swiftmodule": "/Users/Nestor/Documents/iOSBackup/RxSwift_01/.build/debug/RxSwift.build/CombineLatest+Collection~partial.swiftmodule",
    "swift-dependencies": "/Users/Nestor/Documents/iOSBackup/RxSwift_01/.build/debug/RxSwift.build/CombineLatest+Collection.swiftdeps"
  },
  "/Users/Nestor/Documents/iOSBackup/RxSwift_01/Packages/RxSwift-3.4.1/Sources/RxSwift/CombineLatest.swift": {
    "dependencies": "/Users/Nestor/Documents/iOSBackup/RxSwift_01/.build/debug/RxSwift.build/CombineLatest.d",
    "object": "/Users/Nestor/Documents/iOSBackup/RxSwift_01/.build/debug/RxSwift.build/CombineLatest.swift.o",
    "swiftmodule": "/Users/Nestor/Documents/iOSBackup/RxSwift_01/.build/debug/RxSwift.build/CombineLatest~partial.swiftmodule",
    "swift-dependencies": "/Users/Nestor/Documents/iOSBackup/RxSwift_01/.build/debug/RxSwift.build/CombineLatest.swiftdeps"
  },
  "/Users/Nestor/Documents/iOSBackup/RxSwift_01/Packages/RxSwift-3.4.1/Sources/RxSwift/CompositeDisposable.swift": {
    "dependencies": "/Users/Nestor/Documents/iOSBackup/RxSwift_01/.build/debug/RxSwift.build/CompositeDisposable.d",
    "object": "/Users/Nestor/Documents/iOSBackup/RxSwift_01/.build/debug/RxSwift.build/CompositeDisposable.swift.o",
    "swiftmodule": "/Users/Nestor/Documents/iOSBackup/RxSwift_01/.build/debug/RxSwift.build/CompositeDisposable~partial.swiftmodule",
    "swift-dependencies": "/Users/Nestor/Documents/iOSBackup/RxSwift_01/.build/debug/RxSwift.build/CompositeDisposable.swiftdeps"
  },
  "/Users/Nestor/Documents/iOSBackup/RxSwift_01/Packages/RxSwift-3.4.1/Sources/RxSwift/Concat.swift": {
    "dependencies": "/Users/Nestor/Documents/iOSBackup/RxSwift_01/.build/debug/RxSwift.build/Concat.d",
    "object": "/Users/Nestor/Documents/iOSBackup/RxSwift_01/.build/debug/RxSwift.build/Concat.swift.o",
    "swiftmodule": "/Users/Nestor/Documents/iOSBackup/RxSwift_01/.build/debug/RxSwift.build/Concat~partial.swiftmodule",
    "swift-dependencies": "/Users/Nestor/Documents/iOSBackup/RxSwift_01/.build/debug/RxSwift.build/Concat.swiftdeps"
  },
  "/Users/Nestor/Documents/iOSBackup/RxSwift_01/Packages/RxSwift-3.4.1/Sources/RxSwift/ConcurrentDispatchQueueScheduler.swift": {
    "dependencies": "/Users/Nestor/Documents/iOSBackup/RxSwift_01/.build/debug/RxSwift.build/ConcurrentDispatchQueueScheduler.d",
    "object": "/Users/Nestor/Documents/iOSBackup/RxSwift_01/.build/debug/RxSwift.build/ConcurrentDispatchQueueScheduler.swift.o",
    "swiftmodule": "/Users/Nestor/Documents/iOSBackup/RxSwift_01/.build/debug/RxSwift.build/ConcurrentDispatchQueueScheduler~partial.swiftmodule",
    "swift-dependencies": "/Users/Nestor/Documents/iOSBackup/RxSwift_01/.build/debug/RxSwift.build/ConcurrentDispatchQueueScheduler.swiftdeps"
  },
  "/Users/Nestor/Documents/iOSBackup/RxSwift_01/Packages/RxSwift-3.4.1/Sources/RxSwift/ConcurrentMainScheduler.swift": {
    "dependencies": "/Users/Nestor/Documents/iOSBackup/RxSwift_01/.build/debug/RxSwift.build/ConcurrentMainScheduler.d",
    "object": "/Users/Nestor/Documents/iOSBackup/RxSwift_01/.build/debug/RxSwift.build/ConcurrentMainScheduler.swift.o",
    "swiftmodule": "/Users/Nestor/Documents/iOSBackup/RxSwift_01/.build/debug/RxSwift.build/ConcurrentMainScheduler~partial.swiftmodule",
    "swift-dependencies": "/Users/Nestor/Documents/iOSBackup/RxSwift_01/.build/debug/RxSwift.build/ConcurrentMainScheduler.swiftdeps"
  },
  "/Users/Nestor/Documents/iOSBackup/RxSwift_01/Packages/RxSwift-3.4.1/Sources/RxSwift/ConnectableObservable.swift": {
    "dependencies": "/Users/Nestor/Documents/iOSBackup/RxSwift_01/.build/debug/RxSwift.build/ConnectableObservable.d",
    "object": "/Users/Nestor/Documents/iOSBackup/RxSwift_01/.build/debug/RxSwift.build/ConnectableObservable.swift.o",
    "swiftmodule": "/Users/Nestor/Documents/iOSBackup/RxSwift_01/.build/debug/RxSwift.build/ConnectableObservable~partial.swiftmodule",
    "swift-dependencies": "/Users/Nestor/Documents/iOSBackup/RxSwift_01/.build/debug/RxSwift.build/ConnectableObservable.swiftdeps"
  },
  "/Users/Nestor/Documents/iOSBackup/RxSwift_01/Packages/RxSwift-3.4.1/Sources/RxSwift/ConnectableObservableType.swift": {
    "dependencies": "/Users/Nestor/Documents/iOSBackup/RxSwift_01/.build/debug/RxSwift.build/ConnectableObservableType.d",
    "object": "/Users/Nestor/Documents/iOSBackup/RxSwift_01/.build/debug/RxSwift.build/ConnectableObservableType.swift.o",
    "swiftmodule": "/Users/Nestor/Documents/iOSBackup/RxSwift_01/.build/debug/RxSwift.build/ConnectableObservableType~partial.swiftmodule",
    "swift-dependencies": "/Users/Nestor/Documents/iOSBackup/RxSwift_01/.build/debug/RxSwift.build/ConnectableObservableType.swiftdeps"
  },
  "/Users/Nestor/Documents/iOSBackup/RxSwift_01/Packages/RxSwift-3.4.1/Sources/RxSwift/Create.swift": {
    "dependencies": "/Users/Nestor/Documents/iOSBackup/RxSwift_01/.build/debug/RxSwift.build/Create.d",
    "object": "/Users/Nestor/Documents/iOSBackup/RxSwift_01/.build/debug/RxSwift.build/Create.swift.o",
    "swiftmodule": "/Users/Nestor/Documents/iOSBackup/RxSwift_01/.build/debug/RxSwift.build/Create~partial.swiftmodule",
    "swift-dependencies": "/Users/Nestor/Documents/iOSBackup/RxSwift_01/.build/debug/RxSwift.build/Create.swiftdeps"
  },
  "/Users/Nestor/Documents/iOSBackup/RxSwift_01/Packages/RxSwift-3.4.1/Sources/RxSwift/CurrentThreadScheduler.swift": {
    "dependencies": "/Users/Nestor/Documents/iOSBackup/RxSwift_01/.build/debug/RxSwift.build/CurrentThreadScheduler.d",
    "object": "/Users/Nestor/Documents/iOSBackup/RxSwift_01/.build/debug/RxSwift.build/CurrentThreadScheduler.swift.o",
    "swiftmodule": "/Users/Nestor/Documents/iOSBackup/RxSwift_01/.build/debug/RxSwift.build/CurrentThreadScheduler~partial.swiftmodule",
    "swift-dependencies": "/Users/Nestor/Documents/iOSBackup/RxSwift_01/.build/debug/RxSwift.build/CurrentThreadScheduler.swiftdeps"
  },
  "/Users/Nestor/Documents/iOSBackup/RxSwift_01/Packages/RxSwift-3.4.1/Sources/RxSwift/Debounce.swift": {
    "dependencies": "/Users/Nestor/Documents/iOSBackup/RxSwift_01/.build/debug/RxSwift.build/Debounce.d",
    "object": "/Users/Nestor/Documents/iOSBackup/RxSwift_01/.build/debug/RxSwift.build/Debounce.swift.o",
    "swiftmodule": "/Users/Nestor/Documents/iOSBackup/RxSwift_01/.build/debug/RxSwift.build/Debounce~partial.swiftmodule",
    "swift-dependencies": "/Users/Nestor/Documents/iOSBackup/RxSwift_01/.build/debug/RxSwift.build/Debounce.swiftdeps"
  },
  "/Users/Nestor/Documents/iOSBackup/RxSwift_01/Packages/RxSwift-3.4.1/Sources/RxSwift/Debug.swift": {
    "dependencies": "/Users/Nestor/Documents/iOSBackup/RxSwift_01/.build/debug/RxSwift.build/Debug.d",
    "object": "/Users/Nestor/Documents/iOSBackup/RxSwift_01/.build/debug/RxSwift.build/Debug.swift.o",
    "swiftmodule": "/Users/Nestor/Documents/iOSBackup/RxSwift_01/.build/debug/RxSwift.build/Debug~partial.swiftmodule",
    "swift-dependencies": "/Users/Nestor/Documents/iOSBackup/RxSwift_01/.build/debug/RxSwift.build/Debug.swiftdeps"
  },
  "/Users/Nestor/Documents/iOSBackup/RxSwift_01/Packages/RxSwift-3.4.1/Sources/RxSwift/DefaultIfEmpty.swift": {
    "dependencies": "/Users/Nestor/Documents/iOSBackup/RxSwift_01/.build/debug/RxSwift.build/DefaultIfEmpty.d",
    "object": "/Users/Nestor/Documents/iOSBackup/RxSwift_01/.build/debug/RxSwift.build/DefaultIfEmpty.swift.o",
    "swiftmodule": "/Users/Nestor/Documents/iOSBackup/RxSwift_01/.build/debug/RxSwift.build/DefaultIfEmpty~partial.swiftmodule",
    "swift-dependencies": "/Users/Nestor/Documents/iOSBackup/RxSwift_01/.build/debug/RxSwift.build/DefaultIfEmpty.swiftdeps"
  },
  "/Users/Nestor/Documents/iOSBackup/RxSwift_01/Packages/RxSwift-3.4.1/Sources/RxSwift/Deferred.swift": {
    "dependencies": "/Users/Nestor/Documents/iOSBackup/RxSwift_01/.build/debug/RxSwift.build/Deferred.d",
    "object": "/Users/Nestor/Documents/iOSBackup/RxSwift_01/.build/debug/RxSwift.build/Deferred.swift.o",
    "swiftmodule": "/Users/Nestor/Documents/iOSBackup/RxSwift_01/.build/debug/RxSwift.build/Deferred~partial.swiftmodule",
    "swift-dependencies": "/Users/Nestor/Documents/iOSBackup/RxSwift_01/.build/debug/RxSwift.build/Deferred.swiftdeps"
  },
  "/Users/Nestor/Documents/iOSBackup/RxSwift_01/Packages/RxSwift-3.4.1/Sources/RxSwift/Delay.swift": {
    "dependencies": "/Users/Nestor/Documents/iOSBackup/RxSwift_01/.build/debug/RxSwift.build/Delay.d",
    "object": "/Users/Nestor/Documents/iOSBackup/RxSwift_01/.build/debug/RxSwift.build/Delay.swift.o",
    "swiftmodule": "/Users/Nestor/Documents/iOSBackup/RxSwift_01/.build/debug/RxSwift.build/Delay~partial.swiftmodule",
    "swift-dependencies": "/Users/Nestor/Documents/iOSBackup/RxSwift_01/.build/debug/RxSwift.build/Delay.swiftdeps"
  },
  "/Users/Nestor/Documents/iOSBackup/RxSwift_01/Packages/RxSwift-3.4.1/Sources/RxSwift/DelaySubscription.swift": {
    "dependencies": "/Users/Nestor/Documents/iOSBackup/RxSwift_01/.build/debug/RxSwift.build/DelaySubscription.d",
    "object": "/Users/Nestor/Documents/iOSBackup/RxSwift_01/.build/debug/RxSwift.build/DelaySubscription.swift.o",
    "swiftmodule": "/Users/Nestor/Documents/iOSBackup/RxSwift_01/.build/debug/RxSwift.build/DelaySubscription~partial.swiftmodule",
    "swift-dependencies": "/Users/Nestor/Documents/iOSBackup/RxSwift_01/.build/debug/RxSwift.build/DelaySubscription.swiftdeps"
  },
  "/Users/Nestor/Documents/iOSBackup/RxSwift_01/Packages/RxSwift-3.4.1/Sources/RxSwift/Dematerialize.swift": {
    "dependencies": "/Users/Nestor/Documents/iOSBackup/RxSwift_01/.build/debug/RxSwift.build/Dematerialize.d",
    "object": "/Users/Nestor/Documents/iOSBackup/RxSwift_01/.build/debug/RxSwift.build/Dematerialize.swift.o",
    "swiftmodule": "/Users/Nestor/Documents/iOSBackup/RxSwift_01/.build/debug/RxSwift.build/Dematerialize~partial.swiftmodule",
    "swift-dependencies": "/Users/Nestor/Documents/iOSBackup/RxSwift_01/.build/debug/RxSwift.build/Dematerialize.swiftdeps"
  },
  "/Users/Nestor/Documents/iOSBackup/RxSwift_01/Packages/RxSwift-3.4.1/Sources/RxSwift/Deprecated.swift": {
    "dependencies": "/Users/Nestor/Documents/iOSBackup/RxSwift_01/.build/debug/RxSwift.build/Deprecated.d",
    "object": "/Users/Nestor/Documents/iOSBackup/RxSwift_01/.build/debug/RxSwift.build/Deprecated.swift.o",
    "swiftmodule": "/Users/Nestor/Documents/iOSBackup/RxSwift_01/.build/debug/RxSwift.build/Deprecated~partial.swiftmodule",
    "swift-dependencies": "/Users/Nestor/Documents/iOSBackup/RxSwift_01/.build/debug/RxSwift.build/Deprecated.swiftdeps"
  },
  "/Users/Nestor/Documents/iOSBackup/RxSwift_01/Packages/RxSwift-3.4.1/Sources/RxSwift/DispatchQueue+Extensions.swift": {
    "dependencies": "/Users/Nestor/Documents/iOSBackup/RxSwift_01/.build/debug/RxSwift.build/DispatchQueue+Extensions.d",
    "object": "/Users/Nestor/Documents/iOSBackup/RxSwift_01/.build/debug/RxSwift.build/DispatchQueue+Extensions.swift.o",
    "swiftmodule": "/Users/Nestor/Documents/iOSBackup/RxSwift_01/.build/debug/RxSwift.build/DispatchQueue+Extensions~partial.swiftmodule",
    "swift-dependencies": "/Users/Nestor/Documents/iOSBackup/RxSwift_01/.build/debug/RxSwift.build/DispatchQueue+Extensions.swiftdeps"
  },
  "/Users/Nestor/Documents/iOSBackup/RxSwift_01/Packages/RxSwift-3.4.1/Sources/RxSwift/DispatchQueueConfiguration.swift": {
    "dependencies": "/Users/Nestor/Documents/iOSBackup/RxSwift_01/.build/debug/RxSwift.build/DispatchQueueConfiguration.d",
    "object": "/Users/Nestor/Documents/iOSBackup/RxSwift_01/.build/debug/RxSwift.build/DispatchQueueConfiguration.swift.o",
    "swiftmodule": "/Users/Nestor/Documents/iOSBackup/RxSwift_01/.build/debug/RxSwift.build/DispatchQueueConfiguration~partial.swiftmodule",
    "swift-dependencies": "/Users/Nestor/Documents/iOSBackup/RxSwift_01/.build/debug/RxSwift.build/DispatchQueueConfiguration.swiftdeps"
  },
  "/Users/Nestor/Documents/iOSBackup/RxSwift_01/Packages/RxSwift-3.4.1/Sources/RxSwift/Disposable.swift": {
    "dependencies": "/Users/Nestor/Documents/iOSBackup/RxSwift_01/.build/debug/RxSwift.build/Disposable.d",
    "object": "/Users/Nestor/Documents/iOSBackup/RxSwift_01/.build/debug/RxSwift.build/Disposable.swift.o",
    "swiftmodule": "/Users/Nestor/Documents/iOSBackup/RxSwift_01/.build/debug/RxSwift.build/Disposable~partial.swiftmodule",
    "swift-dependencies": "/Users/Nestor/Documents/iOSBackup/RxSwift_01/.build/debug/RxSwift.build/Disposable.swiftdeps"
  },
  "/Users/Nestor/Documents/iOSBackup/RxSwift_01/Packages/RxSwift-3.4.1/Sources/RxSwift/Disposables.swift": {
    "dependencies": "/Users/Nestor/Documents/iOSBackup/RxSwift_01/.build/debug/RxSwift.build/Disposables.d",
    "object": "/Users/Nestor/Documents/iOSBackup/RxSwift_01/.build/debug/RxSwift.build/Disposables.swift.o",
    "swiftmodule": "/Users/Nestor/Documents/iOSBackup/RxSwift_01/.build/debug/RxSwift.build/Disposables~partial.swiftmodule",
    "swift-dependencies": "/Users/Nestor/Documents/iOSBackup/RxSwift_01/.build/debug/RxSwift.build/Disposables.swiftdeps"
  },
  "/Users/Nestor/Documents/iOSBackup/RxSwift_01/Packages/RxSwift-3.4.1/Sources/RxSwift/DisposeBag.swift": {
    "dependencies": "/Users/Nestor/Documents/iOSBackup/RxSwift_01/.build/debug/RxSwift.build/DisposeBag.d",
    "object": "/Users/Nestor/Documents/iOSBackup/RxSwift_01/.build/debug/RxSwift.build/DisposeBag.swift.o",
    "swiftmodule": "/Users/Nestor/Documents/iOSBackup/RxSwift_01/.build/debug/RxSwift.build/DisposeBag~partial.swiftmodule",
    "swift-dependencies": "/Users/Nestor/Documents/iOSBackup/RxSwift_01/.build/debug/RxSwift.build/DisposeBag.swiftdeps"
  },
  "/Users/Nestor/Documents/iOSBackup/RxSwift_01/Packages/RxSwift-3.4.1/Sources/RxSwift/DisposeBase.swift": {
    "dependencies": "/Users/Nestor/Documents/iOSBackup/RxSwift_01/.build/debug/RxSwift.build/DisposeBase.d",
    "object": "/Users/Nestor/Documents/iOSBackup/RxSwift_01/.build/debug/RxSwift.build/DisposeBase.swift.o",
    "swiftmodule": "/Users/Nestor/Documents/iOSBackup/RxSwift_01/.build/debug/RxSwift.build/DisposeBase~partial.swiftmodule",
    "swift-dependencies": "/Users/Nestor/Documents/iOSBackup/RxSwift_01/.build/debug/RxSwift.build/DisposeBase.swiftdeps"
  },
  "/Users/Nestor/Documents/iOSBackup/RxSwift_01/Packages/RxSwift-3.4.1/Sources/RxSwift/DistinctUntilChanged.swift": {
    "dependencies": "/Users/Nestor/Documents/iOSBackup/RxSwift_01/.build/debug/RxSwift.build/DistinctUntilChanged.d",
    "object": "/Users/Nestor/Documents/iOSBackup/RxSwift_01/.build/debug/RxSwift.build/DistinctUntilChanged.swift.o",
    "swiftmodule": "/Users/Nestor/Documents/iOSBackup/RxSwift_01/.build/debug/RxSwift.build/DistinctUntilChanged~partial.swiftmodule",
    "swift-dependencies": "/Users/Nestor/Documents/iOSBackup/RxSwift_01/.build/debug/RxSwift.build/DistinctUntilChanged.swiftdeps"
  },
  "/Users/Nestor/Documents/iOSBackup/RxSwift_01/Packages/RxSwift-3.4.1/Sources/RxSwift/Do.swift": {
    "dependencies": "/Users/Nestor/Documents/iOSBackup/RxSwift_01/.build/debug/RxSwift.build/Do.d",
    "object": "/Users/Nestor/Documents/iOSBackup/RxSwift_01/.build/debug/RxSwift.build/Do.swift.o",
    "swiftmodule": "/Users/Nestor/Documents/iOSBackup/RxSwift_01/.build/debug/RxSwift.build/Do~partial.swiftmodule",
    "swift-dependencies": "/Users/Nestor/Documents/iOSBackup/RxSwift_01/.build/debug/RxSwift.build/Do.swiftdeps"
  },
  "/Users/Nestor/Documents/iOSBackup/RxSwift_01/Packages/RxSwift-3.4.1/Sources/RxSwift/ElementAt.swift": {
    "dependencies": "/Users/Nestor/Documents/iOSBackup/RxSwift_01/.build/debug/RxSwift.build/ElementAt.d",
    "object": "/Users/Nestor/Documents/iOSBackup/RxSwift_01/.build/debug/RxSwift.build/ElementAt.swift.o",
    "swiftmodule": "/Users/Nestor/Documents/iOSBackup/RxSwift_01/.build/debug/RxSwift.build/ElementAt~partial.swiftmodule",
    "swift-dependencies": "/Users/Nestor/Documents/iOSBackup/RxSwift_01/.build/debug/RxSwift.build/ElementAt.swiftdeps"
  },
  "/Users/Nestor/Documents/iOSBackup/RxSwift_01/Packages/RxSwift-3.4.1/Sources/RxSwift/Empty.swift": {
    "dependencies": "/Users/Nestor/Documents/iOSBackup/RxSwift_01/.build/debug/RxSwift.build/Empty.d",
    "object": "/Users/Nestor/Documents/iOSBackup/RxSwift_01/.build/debug/RxSwift.build/Empty.swift.o",
    "swiftmodule": "/Users/Nestor/Documents/iOSBackup/RxSwift_01/.build/debug/RxSwift.build/Empty~partial.swiftmodule",
    "swift-dependencies": "/Users/Nestor/Documents/iOSBackup/RxSwift_01/.build/debug/RxSwift.build/Empty.swiftdeps"
  },
  "/Users/Nestor/Documents/iOSBackup/RxSwift_01/Packages/RxSwift-3.4.1/Sources/RxSwift/Error.swift": {
    "dependencies": "/Users/Nestor/Documents/iOSBackup/RxSwift_01/.build/debug/RxSwift.build/Error.d",
    "object": "/Users/Nestor/Documents/iOSBackup/RxSwift_01/.build/debug/RxSwift.build/Error.swift.o",
    "swiftmodule": "/Users/Nestor/Documents/iOSBackup/RxSwift_01/.build/debug/RxSwift.build/Error~partial.swiftmodule",
    "swift-dependencies": "/Users/Nestor/Documents/iOSBackup/RxSwift_01/.build/debug/RxSwift.build/Error.swiftdeps"
  },
  "/Users/Nestor/Documents/iOSBackup/RxSwift_01/Packages/RxSwift-3.4.1/Sources/RxSwift/Errors.swift": {
    "dependencies": "/Users/Nestor/Documents/iOSBackup/RxSwift_01/.build/debug/RxSwift.build/Errors.d",
    "object": "/Users/Nestor/Documents/iOSBackup/RxSwift_01/.build/debug/RxSwift.build/Errors.swift.o",
    "swiftmodule": "/Users/Nestor/Documents/iOSBackup/RxSwift_01/.build/debug/RxSwift.build/Errors~partial.swiftmodule",
    "swift-dependencies": "/Users/Nestor/Documents/iOSBackup/RxSwift_01/.build/debug/RxSwift.build/Errors.swiftdeps"
  },
  "/Users/Nestor/Documents/iOSBackup/RxSwift_01/Packages/RxSwift-3.4.1/Sources/RxSwift/Event.swift": {
    "dependencies": "/Users/Nestor/Documents/iOSBackup/RxSwift_01/.build/debug/RxSwift.build/Event.d",
    "object": "/Users/Nestor/Documents/iOSBackup/RxSwift_01/.build/debug/RxSwift.build/Event.swift.o",
    "swiftmodule": "/Users/Nestor/Documents/iOSBackup/RxSwift_01/.build/debug/RxSwift.build/Event~partial.swiftmodule",
    "swift-dependencies": "/Users/Nestor/Documents/iOSBackup/RxSwift_01/.build/debug/RxSwift.build/Event.swiftdeps"
  },
  "/Users/Nestor/Documents/iOSBackup/RxSwift_01/Packages/RxSwift-3.4.1/Sources/RxSwift/Filter.swift": {
    "dependencies": "/Users/Nestor/Documents/iOSBackup/RxSwift_01/.build/debug/RxSwift.build/Filter.d",
    "object": "/Users/Nestor/Documents/iOSBackup/RxSwift_01/.build/debug/RxSwift.build/Filter.swift.o",
    "swiftmodule": "/Users/Nestor/Documents/iOSBackup/RxSwift_01/.build/debug/RxSwift.build/Filter~partial.swiftmodule",
    "swift-dependencies": "/Users/Nestor/Documents/iOSBackup/RxSwift_01/.build/debug/RxSwift.build/Filter.swiftdeps"
  },
  "/Users/Nestor/Documents/iOSBackup/RxSwift_01/Packages/RxSwift-3.4.1/Sources/RxSwift/Generate.swift": {
    "dependencies": "/Users/Nestor/Documents/iOSBackup/RxSwift_01/.build/debug/RxSwift.build/Generate.d",
    "object": "/Users/Nestor/Documents/iOSBackup/RxSwift_01/.build/debug/RxSwift.build/Generate.swift.o",
    "swiftmodule": "/Users/Nestor/Documents/iOSBackup/RxSwift_01/.build/debug/RxSwift.build/Generate~partial.swiftmodule",
    "swift-dependencies": "/Users/Nestor/Documents/iOSBackup/RxSwift_01/.build/debug/RxSwift.build/Generate.swiftdeps"
  },
  "/Users/Nestor/Documents/iOSBackup/RxSwift_01/Packages/RxSwift-3.4.1/Sources/RxSwift/GroupBy.swift": {
    "dependencies": "/Users/Nestor/Documents/iOSBackup/RxSwift_01/.build/debug/RxSwift.build/GroupBy.d",
    "object": "/Users/Nestor/Documents/iOSBackup/RxSwift_01/.build/debug/RxSwift.build/GroupBy.swift.o",
    "swiftmodule": "/Users/Nestor/Documents/iOSBackup/RxSwift_01/.build/debug/RxSwift.build/GroupBy~partial.swiftmodule",
    "swift-dependencies": "/Users/Nestor/Documents/iOSBackup/RxSwift_01/.build/debug/RxSwift.build/GroupBy.swiftdeps"
  },
  "/Users/Nestor/Documents/iOSBackup/RxSwift_01/Packages/RxSwift-3.4.1/Sources/RxSwift/GroupedObservable.swift": {
    "dependencies": "/Users/Nestor/Documents/iOSBackup/RxSwift_01/.build/debug/RxSwift.build/GroupedObservable.d",
    "object": "/Users/Nestor/Documents/iOSBackup/RxSwift_01/.build/debug/RxSwift.build/GroupedObservable.swift.o",
    "swiftmodule": "/Users/Nestor/Documents/iOSBackup/RxSwift_01/.build/debug/RxSwift.build/GroupedObservable~partial.swiftmodule",
    "swift-dependencies": "/Users/Nestor/Documents/iOSBackup/RxSwift_01/.build/debug/RxSwift.build/GroupedObservable.swiftdeps"
  },
  "/Users/Nestor/Documents/iOSBackup/RxSwift_01/Packages/RxSwift-3.4.1/Sources/RxSwift/HistoricalScheduler.swift": {
    "dependencies": "/Users/Nestor/Documents/iOSBackup/RxSwift_01/.build/debug/RxSwift.build/HistoricalScheduler.d",
    "object": "/Users/Nestor/Documents/iOSBackup/RxSwift_01/.build/debug/RxSwift.build/HistoricalScheduler.swift.o",
    "swiftmodule": "/Users/Nestor/Documents/iOSBackup/RxSwift_01/.build/debug/RxSwift.build/HistoricalScheduler~partial.swiftmodule",
    "swift-dependencies": "/Users/Nestor/Documents/iOSBackup/RxSwift_01/.build/debug/RxSwift.build/HistoricalScheduler.swiftdeps"
  },
  "/Users/Nestor/Documents/iOSBackup/RxSwift_01/Packages/RxSwift-3.4.1/Sources/RxSwift/HistoricalSchedulerTimeConverter.swift": {
    "dependencies": "/Users/Nestor/Documents/iOSBackup/RxSwift_01/.build/debug/RxSwift.build/HistoricalSchedulerTimeConverter.d",
    "object": "/Users/Nestor/Documents/iOSBackup/RxSwift_01/.build/debug/RxSwift.build/HistoricalSchedulerTimeConverter.swift.o",
    "swiftmodule": "/Users/Nestor/Documents/iOSBackup/RxSwift_01/.build/debug/RxSwift.build/HistoricalSchedulerTimeConverter~partial.swiftmodule",
    "swift-dependencies": "/Users/Nestor/Documents/iOSBackup/RxSwift_01/.build/debug/RxSwift.build/HistoricalSchedulerTimeConverter.swiftdeps"
  },
  "/Users/Nestor/Documents/iOSBackup/RxSwift_01/Packages/RxSwift-3.4.1/Sources/RxSwift/ImmediateScheduler.swift": {
    "dependencies": "/Users/Nestor/Documents/iOSBackup/RxSwift_01/.build/debug/RxSwift.build/ImmediateScheduler.d",
    "object": "/Users/Nestor/Documents/iOSBackup/RxSwift_01/.build/debug/RxSwift.build/ImmediateScheduler.swift.o",
    "swiftmodule": "/Users/Nestor/Documents/iOSBackup/RxSwift_01/.build/debug/RxSwift.build/ImmediateScheduler~partial.swiftmodule",
    "swift-dependencies": "/Users/Nestor/Documents/iOSBackup/RxSwift_01/.build/debug/RxSwift.build/ImmediateScheduler.swiftdeps"
  },
  "/Users/Nestor/Documents/iOSBackup/RxSwift_01/Packages/RxSwift-3.4.1/Sources/RxSwift/ImmediateSchedulerType.swift": {
    "dependencies": "/Users/Nestor/Documents/iOSBackup/RxSwift_01/.build/debug/RxSwift.build/ImmediateSchedulerType.d",
    "object": "/Users/Nestor/Documents/iOSBackup/RxSwift_01/.build/debug/RxSwift.build/ImmediateSchedulerType.swift.o",
    "swiftmodule": "/Users/Nestor/Documents/iOSBackup/RxSwift_01/.build/debug/RxSwift.build/ImmediateSchedulerType~partial.swiftmodule",
    "swift-dependencies": "/Users/Nestor/Documents/iOSBackup/RxSwift_01/.build/debug/RxSwift.build/ImmediateSchedulerType.swiftdeps"
  },
  "/Users/Nestor/Documents/iOSBackup/RxSwift_01/Packages/RxSwift-3.4.1/Sources/RxSwift/InfiniteSequence.swift": {
    "dependencies": "/Users/Nestor/Documents/iOSBackup/RxSwift_01/.build/debug/RxSwift.build/InfiniteSequence.d",
    "object": "/Users/Nestor/Documents/iOSBackup/RxSwift_01/.build/debug/RxSwift.build/InfiniteSequence.swift.o",
    "swiftmodule": "/Users/Nestor/Documents/iOSBackup/RxSwift_01/.build/debug/RxSwift.build/InfiniteSequence~partial.swiftmodule",
    "swift-dependencies": "/Users/Nestor/Documents/iOSBackup/RxSwift_01/.build/debug/RxSwift.build/InfiniteSequence.swiftdeps"
  },
  "/Users/Nestor/Documents/iOSBackup/RxSwift_01/Packages/RxSwift-3.4.1/Sources/RxSwift/InvocableScheduledItem.swift": {
    "dependencies": "/Users/Nestor/Documents/iOSBackup/RxSwift_01/.build/debug/RxSwift.build/InvocableScheduledItem.d",
    "object": "/Users/Nestor/Documents/iOSBackup/RxSwift_01/.build/debug/RxSwift.build/InvocableScheduledItem.swift.o",
    "swiftmodule": "/Users/Nestor/Documents/iOSBackup/RxSwift_01/.build/debug/RxSwift.build/InvocableScheduledItem~partial.swiftmodule",
    "swift-dependencies": "/Users/Nestor/Documents/iOSBackup/RxSwift_01/.build/debug/RxSwift.build/InvocableScheduledItem.swiftdeps"
  },
  "/Users/Nestor/Documents/iOSBackup/RxSwift_01/Packages/RxSwift-3.4.1/Sources/RxSwift/InvocableType.swift": {
    "dependencies": "/Users/Nestor/Documents/iOSBackup/RxSwift_01/.build/debug/RxSwift.build/InvocableType.d",
    "object": "/Users/Nestor/Documents/iOSBackup/RxSwift_01/.build/debug/RxSwift.build/InvocableType.swift.o",
    "swiftmodule": "/Users/Nestor/Documents/iOSBackup/RxSwift_01/.build/debug/RxSwift.build/InvocableType~partial.swiftmodule",
    "swift-dependencies": "/Users/Nestor/Documents/iOSBackup/RxSwift_01/.build/debug/RxSwift.build/InvocableType.swiftdeps"
  },
  "/Users/Nestor/Documents/iOSBackup/RxSwift_01/Packages/RxSwift-3.4.1/Sources/RxSwift/Just.swift": {
    "dependencies": "/Users/Nestor/Documents/iOSBackup/RxSwift_01/.build/debug/RxSwift.build/Just.d",
    "object": "/Users/Nestor/Documents/iOSBackup/RxSwift_01/.build/debug/RxSwift.build/Just.swift.o",
    "swiftmodule": "/Users/Nestor/Documents/iOSBackup/RxSwift_01/.build/debug/RxSwift.build/Just~partial.swiftmodule",
    "swift-dependencies": "/Users/Nestor/Documents/iOSBackup/RxSwift_01/.build/debug/RxSwift.build/Just.swiftdeps"
  },
  "/Users/Nestor/Documents/iOSBackup/RxSwift_01/Packages/RxSwift-3.4.1/Sources/RxSwift/Lock.swift": {
    "dependencies": "/Users/Nestor/Documents/iOSBackup/RxSwift_01/.build/debug/RxSwift.build/Lock.d",
    "object": "/Users/Nestor/Documents/iOSBackup/RxSwift_01/.build/debug/RxSwift.build/Lock.swift.o",
    "swiftmodule": "/Users/Nestor/Documents/iOSBackup/RxSwift_01/.build/debug/RxSwift.build/Lock~partial.swiftmodule",
    "swift-dependencies": "/Users/Nestor/Documents/iOSBackup/RxSwift_01/.build/debug/RxSwift.build/Lock.swiftdeps"
  },
  "/Users/Nestor/Documents/iOSBackup/RxSwift_01/Packages/RxSwift-3.4.1/Sources/RxSwift/LockOwnerType.swift": {
    "dependencies": "/Users/Nestor/Documents/iOSBackup/RxSwift_01/.build/debug/RxSwift.build/LockOwnerType.d",
    "object": "/Users/Nestor/Documents/iOSBackup/RxSwift_01/.build/debug/RxSwift.build/LockOwnerType.swift.o",
    "swiftmodule": "/Users/Nestor/Documents/iOSBackup/RxSwift_01/.build/debug/RxSwift.build/LockOwnerType~partial.swiftmodule",
    "swift-dependencies": "/Users/Nestor/Documents/iOSBackup/RxSwift_01/.build/debug/RxSwift.build/LockOwnerType.swiftdeps"
  },
  "/Users/Nestor/Documents/iOSBackup/RxSwift_01/Packages/RxSwift-3.4.1/Sources/RxSwift/MainScheduler.swift": {
    "dependencies": "/Users/Nestor/Documents/iOSBackup/RxSwift_01/.build/debug/RxSwift.build/MainScheduler.d",
    "object": "/Users/Nestor/Documents/iOSBackup/RxSwift_01/.build/debug/RxSwift.build/MainScheduler.swift.o",
    "swiftmodule": "/Users/Nestor/Documents/iOSBackup/RxSwift_01/.build/debug/RxSwift.build/MainScheduler~partial.swiftmodule",
    "swift-dependencies": "/Users/Nestor/Documents/iOSBackup/RxSwift_01/.build/debug/RxSwift.build/MainScheduler.swiftdeps"
  },
  "/Users/Nestor/Documents/iOSBackup/RxSwift_01/Packages/RxSwift-3.4.1/Sources/RxSwift/Map.swift": {
    "dependencies": "/Users/Nestor/Documents/iOSBackup/RxSwift_01/.build/debug/RxSwift.build/Map.d",
    "object": "/Users/Nestor/Documents/iOSBackup/RxSwift_01/.build/debug/RxSwift.build/Map.swift.o",
    "swiftmodule": "/Users/Nestor/Documents/iOSBackup/RxSwift_01/.build/debug/RxSwift.build/Map~partial.swiftmodule",
    "swift-dependencies": "/Users/Nestor/Documents/iOSBackup/RxSwift_01/.build/debug/RxSwift.build/Map.swiftdeps"
  },
  "/Users/Nestor/Documents/iOSBackup/RxSwift_01/Packages/RxSwift-3.4.1/Sources/RxSwift/Materialize.swift": {
    "dependencies": "/Users/Nestor/Documents/iOSBackup/RxSwift_01/.build/debug/RxSwift.build/Materialize.d",
    "object": "/Users/Nestor/Documents/iOSBackup/RxSwift_01/.build/debug/RxSwift.build/Materialize.swift.o",
    "swiftmodule": "/Users/Nestor/Documents/iOSBackup/RxSwift_01/.build/debug/RxSwift.build/Materialize~partial.swiftmodule",
    "swift-dependencies": "/Users/Nestor/Documents/iOSBackup/RxSwift_01/.build/debug/RxSwift.build/Materialize.swiftdeps"
  },
  "/Users/Nestor/Documents/iOSBackup/RxSwift_01/Packages/RxSwift-3.4.1/Sources/RxSwift/Merge.swift": {
    "dependencies": "/Users/Nestor/Documents/iOSBackup/RxSwift_01/.build/debug/RxSwift.build/Merge.d",
    "object": "/Users/Nestor/Documents/iOSBackup/RxSwift_01/.build/debug/RxSwift.build/Merge.swift.o",
    "swiftmodule": "/Users/Nestor/Documents/iOSBackup/RxSwift_01/.build/debug/RxSwift.build/Merge~partial.swiftmodule",
    "swift-dependencies": "/Users/Nestor/Documents/iOSBackup/RxSwift_01/.build/debug/RxSwift.build/Merge.swiftdeps"
  },
  "/Users/Nestor/Documents/iOSBackup/RxSwift_01/Packages/RxSwift-3.4.1/Sources/RxSwift/Multicast.swift": {
    "dependencies": "/Users/Nestor/Documents/iOSBackup/RxSwift_01/.build/debug/RxSwift.build/Multicast.d",
    "object": "/Users/Nestor/Documents/iOSBackup/RxSwift_01/.build/debug/RxSwift.build/Multicast.swift.o",
    "swiftmodule": "/Users/Nestor/Documents/iOSBackup/RxSwift_01/.build/debug/RxSwift.build/Multicast~partial.swiftmodule",
    "swift-dependencies": "/Users/Nestor/Documents/iOSBackup/RxSwift_01/.build/debug/RxSwift.build/Multicast.swiftdeps"
  },
  "/Users/Nestor/Documents/iOSBackup/RxSwift_01/Packages/RxSwift-3.4.1/Sources/RxSwift/Never.swift": {
    "dependencies": "/Users/Nestor/Documents/iOSBackup/RxSwift_01/.build/debug/RxSwift.build/Never.d",
    "object": "/Users/Nestor/Documents/iOSBackup/RxSwift_01/.build/debug/RxSwift.build/Never.swift.o",
    "swiftmodule": "/Users/Nestor/Documents/iOSBackup/RxSwift_01/.build/debug/RxSwift.build/Never~partial.swiftmodule",
    "swift-dependencies": "/Users/Nestor/Documents/iOSBackup/RxSwift_01/.build/debug/RxSwift.build/Never.swiftdeps"
  },
  "/Users/Nestor/Documents/iOSBackup/RxSwift_01/Packages/RxSwift-3.4.1/Sources/RxSwift/NopDisposable.swift": {
    "dependencies": "/Users/Nestor/Documents/iOSBackup/RxSwift_01/.build/debug/RxSwift.build/NopDisposable.d",
    "object": "/Users/Nestor/Documents/iOSBackup/RxSwift_01/.build/debug/RxSwift.build/NopDisposable.swift.o",
    "swiftmodule": "/Users/Nestor/Documents/iOSBackup/RxSwift_01/.build/debug/RxSwift.build/NopDisposable~partial.swiftmodule",
    "swift-dependencies": "/Users/Nestor/Documents/iOSBackup/RxSwift_01/.build/debug/RxSwift.build/NopDisposable.swiftdeps"
  },
  "/Users/Nestor/Documents/iOSBackup/RxSwift_01/Packages/RxSwift-3.4.1/Sources/RxSwift/Observable.swift": {
    "dependencies": "/Users/Nestor/Documents/iOSBackup/RxSwift_01/.build/debug/RxSwift.build/Observable.d",
    "object": "/Users/Nestor/Documents/iOSBackup/RxSwift_01/.build/debug/RxSwift.build/Observable.swift.o",
    "swiftmodule": "/Users/Nestor/Documents/iOSBackup/RxSwift_01/.build/debug/RxSwift.build/Observable~partial.swiftmodule",
    "swift-dependencies": "/Users/Nestor/Documents/iOSBackup/RxSwift_01/.build/debug/RxSwift.build/Observable.swiftdeps"
  },
  "/Users/Nestor/Documents/iOSBackup/RxSwift_01/Packages/RxSwift-3.4.1/Sources/RxSwift/ObservableConvertibleType.swift": {
    "dependencies": "/Users/Nestor/Documents/iOSBackup/RxSwift_01/.build/debug/RxSwift.build/ObservableConvertibleType.d",
    "object": "/Users/Nestor/Documents/iOSBackup/RxSwift_01/.build/debug/RxSwift.build/ObservableConvertibleType.swift.o",
    "swiftmodule": "/Users/Nestor/Documents/iOSBackup/RxSwift_01/.build/debug/RxSwift.build/ObservableConvertibleType~partial.swiftmodule",
    "swift-dependencies": "/Users/Nestor/Documents/iOSBackup/RxSwift_01/.build/debug/RxSwift.build/ObservableConvertibleType.swiftdeps"
  },
  "/Users/Nestor/Documents/iOSBackup/RxSwift_01/Packages/RxSwift-3.4.1/Sources/RxSwift/ObservableType+Extensions.swift": {
    "dependencies": "/Users/Nestor/Documents/iOSBackup/RxSwift_01/.build/debug/RxSwift.build/ObservableType+Extensions.d",
    "object": "/Users/Nestor/Documents/iOSBackup/RxSwift_01/.build/debug/RxSwift.build/ObservableType+Extensions.swift.o",
    "swiftmodule": "/Users/Nestor/Documents/iOSBackup/RxSwift_01/.build/debug/RxSwift.build/ObservableType+Extensions~partial.swiftmodule",
    "swift-dependencies": "/Users/Nestor/Documents/iOSBackup/RxSwift_01/.build/debug/RxSwift.build/ObservableType+Extensions.swiftdeps"
  },
  "/Users/Nestor/Documents/iOSBackup/RxSwift_01/Packages/RxSwift-3.4.1/Sources/RxSwift/ObservableType.swift": {
    "dependencies": "/Users/Nestor/Documents/iOSBackup/RxSwift_01/.build/debug/RxSwift.build/ObservableType.d",
    "object": "/Users/Nestor/Documents/iOSBackup/RxSwift_01/.build/debug/RxSwift.build/ObservableType.swift.o",
    "swiftmodule": "/Users/Nestor/Documents/iOSBackup/RxSwift_01/.build/debug/RxSwift.build/ObservableType~partial.swiftmodule",
    "swift-dependencies": "/Users/Nestor/Documents/iOSBackup/RxSwift_01/.build/debug/RxSwift.build/ObservableType.swiftdeps"
  },
  "/Users/Nestor/Documents/iOSBackup/RxSwift_01/Packages/RxSwift-3.4.1/Sources/RxSwift/ObserveOn.swift": {
    "dependencies": "/Users/Nestor/Documents/iOSBackup/RxSwift_01/.build/debug/RxSwift.build/ObserveOn.d",
    "object": "/Users/Nestor/Documents/iOSBackup/RxSwift_01/.build/debug/RxSwift.build/ObserveOn.swift.o",
    "swiftmodule": "/Users/Nestor/Documents/iOSBackup/RxSwift_01/.build/debug/RxSwift.build/ObserveOn~partial.swiftmodule",
    "swift-dependencies": "/Users/Nestor/Documents/iOSBackup/RxSwift_01/.build/debug/RxSwift.build/ObserveOn.swiftdeps"
  },
  "/Users/Nestor/Documents/iOSBackup/RxSwift_01/Packages/RxSwift-3.4.1/Sources/RxSwift/ObserverBase.swift": {
    "dependencies": "/Users/Nestor/Documents/iOSBackup/RxSwift_01/.build/debug/RxSwift.build/ObserverBase.d",
    "object": "/Users/Nestor/Documents/iOSBackup/RxSwift_01/.build/debug/RxSwift.build/ObserverBase.swift.o",
    "swiftmodule": "/Users/Nestor/Documents/iOSBackup/RxSwift_01/.build/debug/RxSwift.build/ObserverBase~partial.swiftmodule",
    "swift-dependencies": "/Users/Nestor/Documents/iOSBackup/RxSwift_01/.build/debug/RxSwift.build/ObserverBase.swiftdeps"
  },
  "/Users/Nestor/Documents/iOSBackup/RxSwift_01/Packages/RxSwift-3.4.1/Sources/RxSwift/ObserverType.swift": {
    "dependencies": "/Users/Nestor/Documents/iOSBackup/RxSwift_01/.build/debug/RxSwift.build/ObserverType.d",
    "object": "/Users/Nestor/Documents/iOSBackup/RxSwift_01/.build/debug/RxSwift.build/ObserverType.swift.o",
    "swiftmodule": "/Users/Nestor/Documents/iOSBackup/RxSwift_01/.build/debug/RxSwift.build/ObserverType~partial.swiftmodule",
    "swift-dependencies": "/Users/Nestor/Documents/iOSBackup/RxSwift_01/.build/debug/RxSwift.build/ObserverType.swiftdeps"
  },
  "/Users/Nestor/Documents/iOSBackup/RxSwift_01/Packages/RxSwift-3.4.1/Sources/RxSwift/OperationQueueScheduler.swift": {
    "dependencies": "/Users/Nestor/Documents/iOSBackup/RxSwift_01/.build/debug/RxSwift.build/OperationQueueScheduler.d",
    "object": "/Users/Nestor/Documents/iOSBackup/RxSwift_01/.build/debug/RxSwift.build/OperationQueueScheduler.swift.o",
    "swiftmodule": "/Users/Nestor/Documents/iOSBackup/RxSwift_01/.build/debug/RxSwift.build/OperationQueueScheduler~partial.swiftmodule",
    "swift-dependencies": "/Users/Nestor/Documents/iOSBackup/RxSwift_01/.build/debug/RxSwift.build/OperationQueueScheduler.swiftdeps"
  },
  "/Users/Nestor/Documents/iOSBackup/RxSwift_01/Packages/RxSwift-3.4.1/Sources/RxSwift/Optional.swift": {
    "dependencies": "/Users/Nestor/Documents/iOSBackup/RxSwift_01/.build/debug/RxSwift.build/Optional.d",
    "object": "/Users/Nestor/Documents/iOSBackup/RxSwift_01/.build/debug/RxSwift.build/Optional.swift.o",
    "swiftmodule": "/Users/Nestor/Documents/iOSBackup/RxSwift_01/.build/debug/RxSwift.build/Optional~partial.swiftmodule",
    "swift-dependencies": "/Users/Nestor/Documents/iOSBackup/RxSwift_01/.build/debug/RxSwift.build/Optional.swiftdeps"
  },
  "/Users/Nestor/Documents/iOSBackup/RxSwift_01/Packages/RxSwift-3.4.1/Sources/RxSwift/Platform.Darwin.swift": {
    "dependencies": "/Users/Nestor/Documents/iOSBackup/RxSwift_01/.build/debug/RxSwift.build/Platform.Darwin.d",
    "object": "/Users/Nestor/Documents/iOSBackup/RxSwift_01/.build/debug/RxSwift.build/Platform.Darwin.swift.o",
    "swiftmodule": "/Users/Nestor/Documents/iOSBackup/RxSwift_01/.build/debug/RxSwift.build/Platform.Darwin~partial.swiftmodule",
    "swift-dependencies": "/Users/Nestor/Documents/iOSBackup/RxSwift_01/.build/debug/RxSwift.build/Platform.Darwin.swiftdeps"
  },
  "/Users/Nestor/Documents/iOSBackup/RxSwift_01/Packages/RxSwift-3.4.1/Sources/RxSwift/Platform.Linux.swift": {
    "dependencies": "/Users/Nestor/Documents/iOSBackup/RxSwift_01/.build/debug/RxSwift.build/Platform.Linux.d",
    "object": "/Users/Nestor/Documents/iOSBackup/RxSwift_01/.build/debug/RxSwift.build/Platform.Linux.swift.o",
    "swiftmodule": "/Users/Nestor/Documents/iOSBackup/RxSwift_01/.build/debug/RxSwift.build/Platform.Linux~partial.swiftmodule",
    "swift-dependencies": "/Users/Nestor/Documents/iOSBackup/RxSwift_01/.build/debug/RxSwift.build/Platform.Linux.swiftdeps"
  },
  "/Users/Nestor/Documents/iOSBackup/RxSwift_01/Packages/RxSwift-3.4.1/Sources/RxSwift/PrimitiveSequence+Zip+arity.swift": {
    "dependencies": "/Users/Nestor/Documents/iOSBackup/RxSwift_01/.build/debug/RxSwift.build/PrimitiveSequence+Zip+arity.d",
    "object": "/Users/Nestor/Documents/iOSBackup/RxSwift_01/.build/debug/RxSwift.build/PrimitiveSequence+Zip+arity.swift.o",
    "swiftmodule": "/Users/Nestor/Documents/iOSBackup/RxSwift_01/.build/debug/RxSwift.build/PrimitiveSequence+Zip+arity~partial.swiftmodule",
    "swift-dependencies": "/Users/Nestor/Documents/iOSBackup/RxSwift_01/.build/debug/RxSwift.build/PrimitiveSequence+Zip+arity.swiftdeps"
  },
  "/Users/Nestor/Documents/iOSBackup/RxSwift_01/Packages/RxSwift-3.4.1/Sources/RxSwift/PrimitiveSequence.swift": {
    "dependencies": "/Users/Nestor/Documents/iOSBackup/RxSwift_01/.build/debug/RxSwift.build/PrimitiveSequence.d",
    "object": "/Users/Nestor/Documents/iOSBackup/RxSwift_01/.build/debug/RxSwift.build/PrimitiveSequence.swift.o",
    "swiftmodule": "/Users/Nestor/Documents/iOSBackup/RxSwift_01/.build/debug/RxSwift.build/PrimitiveSequence~partial.swiftmodule",
    "swift-dependencies": "/Users/Nestor/Documents/iOSBackup/RxSwift_01/.build/debug/RxSwift.build/PrimitiveSequence.swiftdeps"
  },
  "/Users/Nestor/Documents/iOSBackup/RxSwift_01/Packages/RxSwift-3.4.1/Sources/RxSwift/PriorityQueue.swift": {
    "dependencies": "/Users/Nestor/Documents/iOSBackup/RxSwift_01/.build/debug/RxSwift.build/PriorityQueue.d",
    "object": "/Users/Nestor/Documents/iOSBackup/RxSwift_01/.build/debug/RxSwift.build/PriorityQueue.swift.o",
    "swiftmodule": "/Users/Nestor/Documents/iOSBackup/RxSwift_01/.build/debug/RxSwift.build/PriorityQueue~partial.swiftmodule",
    "swift-dependencies": "/Users/Nestor/Documents/iOSBackup/RxSwift_01/.build/debug/RxSwift.build/PriorityQueue.swiftdeps"
  },
  "/Users/Nestor/Documents/iOSBackup/RxSwift_01/Packages/RxSwift-3.4.1/Sources/RxSwift/Producer.swift": {
    "dependencies": "/Users/Nestor/Documents/iOSBackup/RxSwift_01/.build/debug/RxSwift.build/Producer.d",
    "object": "/Users/Nestor/Documents/iOSBackup/RxSwift_01/.build/debug/RxSwift.build/Producer.swift.o",
    "swiftmodule": "/Users/Nestor/Documents/iOSBackup/RxSwift_01/.build/debug/RxSwift.build/Producer~partial.swiftmodule",
    "swift-dependencies": "/Users/Nestor/Documents/iOSBackup/RxSwift_01/.build/debug/RxSwift.build/Producer.swiftdeps"
  },
  "/Users/Nestor/Documents/iOSBackup/RxSwift_01/Packages/RxSwift-3.4.1/Sources/RxSwift/PublishSubject.swift": {
    "dependencies": "/Users/Nestor/Documents/iOSBackup/RxSwift_01/.build/debug/RxSwift.build/PublishSubject.d",
    "object": "/Users/Nestor/Documents/iOSBackup/RxSwift_01/.build/debug/RxSwift.build/PublishSubject.swift.o",
    "swiftmodule": "/Users/Nestor/Documents/iOSBackup/RxSwift_01/.build/debug/RxSwift.build/PublishSubject~partial.swiftmodule",
    "swift-dependencies": "/Users/Nestor/Documents/iOSBackup/RxSwift_01/.build/debug/RxSwift.build/PublishSubject.swiftdeps"
  },
  "/Users/Nestor/Documents/iOSBackup/RxSwift_01/Packages/RxSwift-3.4.1/Sources/RxSwift/Queue.swift": {
    "dependencies": "/Users/Nestor/Documents/iOSBackup/RxSwift_01/.build/debug/RxSwift.build/Queue.d",
    "object": "/Users/Nestor/Documents/iOSBackup/RxSwift_01/.build/debug/RxSwift.build/Queue.swift.o",
    "swiftmodule": "/Users/Nestor/Documents/iOSBackup/RxSwift_01/.build/debug/RxSwift.build/Queue~partial.swiftmodule",
    "swift-dependencies": "/Users/Nestor/Documents/iOSBackup/RxSwift_01/.build/debug/RxSwift.build/Queue.swiftdeps"
  },
  "/Users/Nestor/Documents/iOSBackup/RxSwift_01/Packages/RxSwift-3.4.1/Sources/RxSwift/Range.swift": {
    "dependencies": "/Users/Nestor/Documents/iOSBackup/RxSwift_01/.build/debug/RxSwift.build/Range.d",
    "object": "/Users/Nestor/Documents/iOSBackup/RxSwift_01/.build/debug/RxSwift.build/Range.swift.o",
    "swiftmodule": "/Users/Nestor/Documents/iOSBackup/RxSwift_01/.build/debug/RxSwift.build/Range~partial.swiftmodule",
    "swift-dependencies": "/Users/Nestor/Documents/iOSBackup/RxSwift_01/.build/debug/RxSwift.build/Range.swiftdeps"
  },
  "/Users/Nestor/Documents/iOSBackup/RxSwift_01/Packages/RxSwift-3.4.1/Sources/RxSwift/Reactive.swift": {
    "dependencies": "/Users/Nestor/Documents/iOSBackup/RxSwift_01/.build/debug/RxSwift.build/Reactive.d",
    "object": "/Users/Nestor/Documents/iOSBackup/RxSwift_01/.build/debug/RxSwift.build/Reactive.swift.o",
    "swiftmodule": "/Users/Nestor/Documents/iOSBackup/RxSwift_01/.build/debug/RxSwift.build/Reactive~partial.swiftmodule",
    "swift-dependencies": "/Users/Nestor/Documents/iOSBackup/RxSwift_01/.build/debug/RxSwift.build/Reactive.swiftdeps"
  },
  "/Users/Nestor/Documents/iOSBackup/RxSwift_01/Packages/RxSwift-3.4.1/Sources/RxSwift/RecursiveLock.swift": {
    "dependencies": "/Users/Nestor/Documents/iOSBackup/RxSwift_01/.build/debug/RxSwift.build/RecursiveLock.d",
    "object": "/Users/Nestor/Documents/iOSBackup/RxSwift_01/.build/debug/RxSwift.build/RecursiveLock.swift.o",
    "swiftmodule": "/Users/Nestor/Documents/iOSBackup/RxSwift_01/.build/debug/RxSwift.build/RecursiveLock~partial.swiftmodule",
    "swift-dependencies": "/Users/Nestor/Documents/iOSBackup/RxSwift_01/.build/debug/RxSwift.build/RecursiveLock.swiftdeps"
  },
  "/Users/Nestor/Documents/iOSBackup/RxSwift_01/Packages/RxSwift-3.4.1/Sources/RxSwift/RecursiveScheduler.swift": {
    "dependencies": "/Users/Nestor/Documents/iOSBackup/RxSwift_01/.build/debug/RxSwift.build/RecursiveScheduler.d",
    "object": "/Users/Nestor/Documents/iOSBackup/RxSwift_01/.build/debug/RxSwift.build/RecursiveScheduler.swift.o",
    "swiftmodule": "/Users/Nestor/Documents/iOSBackup/RxSwift_01/.build/debug/RxSwift.build/RecursiveScheduler~partial.swiftmodule",
    "swift-dependencies": "/Users/Nestor/Documents/iOSBackup/RxSwift_01/.build/debug/RxSwift.build/RecursiveScheduler.swiftdeps"
  },
  "/Users/Nestor/Documents/iOSBackup/RxSwift_01/Packages/RxSwift-3.4.1/Sources/RxSwift/Reduce.swift": {
    "dependencies": "/Users/Nestor/Documents/iOSBackup/RxSwift_01/.build/debug/RxSwift.build/Reduce.d",
    "object": "/Users/Nestor/Documents/iOSBackup/RxSwift_01/.build/debug/RxSwift.build/Reduce.swift.o",
    "swiftmodule": "/Users/Nestor/Documents/iOSBackup/RxSwift_01/.build/debug/RxSwift.build/Reduce~partial.swiftmodule",
    "swift-dependencies": "/Users/Nestor/Documents/iOSBackup/RxSwift_01/.build/debug/RxSwift.build/Reduce.swiftdeps"
  },
  "/Users/Nestor/Documents/iOSBackup/RxSwift_01/Packages/RxSwift-3.4.1/Sources/RxSwift/RefCountDisposable.swift": {
    "dependencies": "/Users/Nestor/Documents/iOSBackup/RxSwift_01/.build/debug/RxSwift.build/RefCountDisposable.d",
    "object": "/Users/Nestor/Documents/iOSBackup/RxSwift_01/.build/debug/RxSwift.build/RefCountDisposable.swift.o",
    "swiftmodule": "/Users/Nestor/Documents/iOSBackup/RxSwift_01/.build/debug/RxSwift.build/RefCountDisposable~partial.swiftmodule",
    "swift-dependencies": "/Users/Nestor/Documents/iOSBackup/RxSwift_01/.build/debug/RxSwift.build/RefCountDisposable.swiftdeps"
  },
  "/Users/Nestor/Documents/iOSBackup/RxSwift_01/Packages/RxSwift-3.4.1/Sources/RxSwift/Repeat.swift": {
    "dependencies": "/Users/Nestor/Documents/iOSBackup/RxSwift_01/.build/debug/RxSwift.build/Repeat.d",
    "object": "/Users/Nestor/Documents/iOSBackup/RxSwift_01/.build/debug/RxSwift.build/Repeat.swift.o",
    "swiftmodule": "/Users/Nestor/Documents/iOSBackup/RxSwift_01/.build/debug/RxSwift.build/Repeat~partial.swiftmodule",
    "swift-dependencies": "/Users/Nestor/Documents/iOSBackup/RxSwift_01/.build/debug/RxSwift.build/Repeat.swiftdeps"
  },
  "/Users/Nestor/Documents/iOSBackup/RxSwift_01/Packages/RxSwift-3.4.1/Sources/RxSwift/ReplaySubject.swift": {
    "dependencies": "/Users/Nestor/Documents/iOSBackup/RxSwift_01/.build/debug/RxSwift.build/ReplaySubject.d",
    "object": "/Users/Nestor/Documents/iOSBackup/RxSwift_01/.build/debug/RxSwift.build/ReplaySubject.swift.o",
    "swiftmodule": "/Users/Nestor/Documents/iOSBackup/RxSwift_01/.build/debug/RxSwift.build/ReplaySubject~partial.swiftmodule",
    "swift-dependencies": "/Users/Nestor/Documents/iOSBackup/RxSwift_01/.build/debug/RxSwift.build/ReplaySubject.swiftdeps"
  },
  "/Users/Nestor/Documents/iOSBackup/RxSwift_01/Packages/RxSwift-3.4.1/Sources/RxSwift/RetryWhen.swift": {
    "dependencies": "/Users/Nestor/Documents/iOSBackup/RxSwift_01/.build/debug/RxSwift.build/RetryWhen.d",
    "object": "/Users/Nestor/Documents/iOSBackup/RxSwift_01/.build/debug/RxSwift.build/RetryWhen.swift.o",
    "swiftmodule": "/Users/Nestor/Documents/iOSBackup/RxSwift_01/.build/debug/RxSwift.build/RetryWhen~partial.swiftmodule",
    "swift-dependencies": "/Users/Nestor/Documents/iOSBackup/RxSwift_01/.build/debug/RxSwift.build/RetryWhen.swiftdeps"
  },
  "/Users/Nestor/Documents/iOSBackup/RxSwift_01/Packages/RxSwift-3.4.1/Sources/RxSwift/Rx.swift": {
    "dependencies": "/Users/Nestor/Documents/iOSBackup/RxSwift_01/.build/debug/RxSwift.build/Rx.d",
    "object": "/Users/Nestor/Documents/iOSBackup/RxSwift_01/.build/debug/RxSwift.build/Rx.swift.o",
    "swiftmodule": "/Users/Nestor/Documents/iOSBackup/RxSwift_01/.build/debug/RxSwift.build/Rx~partial.swiftmodule",
    "swift-dependencies": "/Users/Nestor/Documents/iOSBackup/RxSwift_01/.build/debug/RxSwift.build/Rx.swiftdeps"
  },
  "/Users/Nestor/Documents/iOSBackup/RxSwift_01/Packages/RxSwift-3.4.1/Sources/RxSwift/RxMutableBox.swift": {
    "dependencies": "/Users/Nestor/Documents/iOSBackup/RxSwift_01/.build/debug/RxSwift.build/RxMutableBox.d",
    "object": "/Users/Nestor/Documents/iOSBackup/RxSwift_01/.build/debug/RxSwift.build/RxMutableBox.swift.o",
    "swiftmodule": "/Users/Nestor/Documents/iOSBackup/RxSwift_01/.build/debug/RxSwift.build/RxMutableBox~partial.swiftmodule",
    "swift-dependencies": "/Users/Nestor/Documents/iOSBackup/RxSwift_01/.build/debug/RxSwift.build/RxMutableBox.swiftdeps"
  },
  "/Users/Nestor/Documents/iOSBackup/RxSwift_01/Packages/RxSwift-3.4.1/Sources/RxSwift/Sample.swift": {
    "dependencies": "/Users/Nestor/Documents/iOSBackup/RxSwift_01/.build/debug/RxSwift.build/Sample.d",
    "object": "/Users/Nestor/Documents/iOSBackup/RxSwift_01/.build/debug/RxSwift.build/Sample.swift.o",
    "swiftmodule": "/Users/Nestor/Documents/iOSBackup/RxSwift_01/.build/debug/RxSwift.build/Sample~partial.swiftmodule",
    "swift-dependencies": "/Users/Nestor/Documents/iOSBackup/RxSwift_01/.build/debug/RxSwift.build/Sample.swiftdeps"
  },
  "/Users/Nestor/Documents/iOSBackup/RxSwift_01/Packages/RxSwift-3.4.1/Sources/RxSwift/Scan.swift": {
    "dependencies": "/Users/Nestor/Documents/iOSBackup/RxSwift_01/.build/debug/RxSwift.build/Scan.d",
    "object": "/Users/Nestor/Documents/iOSBackup/RxSwift_01/.build/debug/RxSwift.build/Scan.swift.o",
    "swiftmodule": "/Users/Nestor/Documents/iOSBackup/RxSwift_01/.build/debug/RxSwift.build/Scan~partial.swiftmodule",
    "swift-dependencies": "/Users/Nestor/Documents/iOSBackup/RxSwift_01/.build/debug/RxSwift.build/Scan.swiftdeps"
  },
  "/Users/Nestor/Documents/iOSBackup/RxSwift_01/Packages/RxSwift-3.4.1/Sources/RxSwift/ScheduledDisposable.swift": {
    "dependencies": "/Users/Nestor/Documents/iOSBackup/RxSwift_01/.build/debug/RxSwift.build/ScheduledDisposable.d",
    "object": "/Users/Nestor/Documents/iOSBackup/RxSwift_01/.build/debug/RxSwift.build/ScheduledDisposable.swift.o",
    "swiftmodule": "/Users/Nestor/Documents/iOSBackup/RxSwift_01/.build/debug/RxSwift.build/ScheduledDisposable~partial.swiftmodule",
    "swift-dependencies": "/Users/Nestor/Documents/iOSBackup/RxSwift_01/.build/debug/RxSwift.build/ScheduledDisposable.swiftdeps"
  },
  "/Users/Nestor/Documents/iOSBackup/RxSwift_01/Packages/RxSwift-3.4.1/Sources/RxSwift/ScheduledItem.swift": {
    "dependencies": "/Users/Nestor/Documents/iOSBackup/RxSwift_01/.build/debug/RxSwift.build/ScheduledItem.d",
    "object": "/Users/Nestor/Documents/iOSBackup/RxSwift_01/.build/debug/RxSwift.build/ScheduledItem.swift.o",
    "swiftmodule": "/Users/Nestor/Documents/iOSBackup/RxSwift_01/.build/debug/RxSwift.build/ScheduledItem~partial.swiftmodule",
    "swift-dependencies": "/Users/Nestor/Documents/iOSBackup/RxSwift_01/.build/debug/RxSwift.build/ScheduledItem.swiftdeps"
  },
  "/Users/Nestor/Documents/iOSBackup/RxSwift_01/Packages/RxSwift-3.4.1/Sources/RxSwift/ScheduledItemType.swift": {
    "dependencies": "/Users/Nestor/Documents/iOSBackup/RxSwift_01/.build/debug/RxSwift.build/ScheduledItemType.d",
    "object": "/Users/Nestor/Documents/iOSBackup/RxSwift_01/.build/debug/RxSwift.build/ScheduledItemType.swift.o",
    "swiftmodule": "/Users/Nestor/Documents/iOSBackup/RxSwift_01/.build/debug/RxSwift.build/ScheduledItemType~partial.swiftmodule",
    "swift-dependencies": "/Users/Nestor/Documents/iOSBackup/RxSwift_01/.build/debug/RxSwift.build/ScheduledItemType.swiftdeps"
  },
  "/Users/Nestor/Documents/iOSBackup/RxSwift_01/Packages/RxSwift-3.4.1/Sources/RxSwift/SchedulerServices+Emulation.swift": {
    "dependencies": "/Users/Nestor/Documents/iOSBackup/RxSwift_01/.build/debug/RxSwift.build/SchedulerServices+Emulation.d",
    "object": "/Users/Nestor/Documents/iOSBackup/RxSwift_01/.build/debug/RxSwift.build/SchedulerServices+Emulation.swift.o",
    "swiftmodule": "/Users/Nestor/Documents/iOSBackup/RxSwift_01/.build/debug/RxSwift.build/SchedulerServices+Emulation~partial.swiftmodule",
    "swift-dependencies": "/Users/Nestor/Documents/iOSBackup/RxSwift_01/.build/debug/RxSwift.build/SchedulerServices+Emulation.swiftdeps"
  },
  "/Users/Nestor/Documents/iOSBackup/RxSwift_01/Packages/RxSwift-3.4.1/Sources/RxSwift/SchedulerType.swift": {
    "dependencies": "/Users/Nestor/Documents/iOSBackup/RxSwift_01/.build/debug/RxSwift.build/SchedulerType.d",
    "object": "/Users/Nestor/Documents/iOSBackup/RxSwift_01/.build/debug/RxSwift.build/SchedulerType.swift.o",
    "swiftmodule": "/Users/Nestor/Documents/iOSBackup/RxSwift_01/.build/debug/RxSwift.build/SchedulerType~partial.swiftmodule",
    "swift-dependencies": "/Users/Nestor/Documents/iOSBackup/RxSwift_01/.build/debug/RxSwift.build/SchedulerType.swiftdeps"
  },
  "/Users/Nestor/Documents/iOSBackup/RxSwift_01/Packages/RxSwift-3.4.1/Sources/RxSwift/Sequence.swift": {
    "dependencies": "/Users/Nestor/Documents/iOSBackup/RxSwift_01/.build/debug/RxSwift.build/Sequence.d",
    "object": "/Users/Nestor/Documents/iOSBackup/RxSwift_01/.build/debug/RxSwift.build/Sequence.swift.o",
    "swiftmodule": "/Users/Nestor/Documents/iOSBackup/RxSwift_01/.build/debug/RxSwift.build/Sequence~partial.swiftmodule",
    "swift-dependencies": "/Users/Nestor/Documents/iOSBackup/RxSwift_01/.build/debug/RxSwift.build/Sequence.swiftdeps"
  },
  "/Users/Nestor/Documents/iOSBackup/RxSwift_01/Packages/RxSwift-3.4.1/Sources/RxSwift/SerialDispatchQueueScheduler.swift": {
    "dependencies": "/Users/Nestor/Documents/iOSBackup/RxSwift_01/.build/debug/RxSwift.build/SerialDispatchQueueScheduler.d",
    "object": "/Users/Nestor/Documents/iOSBackup/RxSwift_01/.build/debug/RxSwift.build/SerialDispatchQueueScheduler.swift.o",
    "swiftmodule": "/Users/Nestor/Documents/iOSBackup/RxSwift_01/.build/debug/RxSwift.build/SerialDispatchQueueScheduler~partial.swiftmodule",
    "swift-dependencies": "/Users/Nestor/Documents/iOSBackup/RxSwift_01/.build/debug/RxSwift.build/SerialDispatchQueueScheduler.swiftdeps"
  },
  "/Users/Nestor/Documents/iOSBackup/RxSwift_01/Packages/RxSwift-3.4.1/Sources/RxSwift/SerialDisposable.swift": {
    "dependencies": "/Users/Nestor/Documents/iOSBackup/RxSwift_01/.build/debug/RxSwift.build/SerialDisposable.d",
    "object": "/Users/Nestor/Documents/iOSBackup/RxSwift_01/.build/debug/RxSwift.build/SerialDisposable.swift.o",
    "swiftmodule": "/Users/Nestor/Documents/iOSBackup/RxSwift_01/.build/debug/RxSwift.build/SerialDisposable~partial.swiftmodule",
    "swift-dependencies": "/Users/Nestor/Documents/iOSBackup/RxSwift_01/.build/debug/RxSwift.build/SerialDisposable.swiftdeps"
  },
  "/Users/Nestor/Documents/iOSBackup/RxSwift_01/Packages/RxSwift-3.4.1/Sources/RxSwift/ShareReplay1.swift": {
    "dependencies": "/Users/Nestor/Documents/iOSBackup/RxSwift_01/.build/debug/RxSwift.build/ShareReplay1.d",
    "object": "/Users/Nestor/Documents/iOSBackup/RxSwift_01/.build/debug/RxSwift.build/ShareReplay1.swift.o",
    "swiftmodule": "/Users/Nestor/Documents/iOSBackup/RxSwift_01/.build/debug/RxSwift.build/ShareReplay1~partial.swiftmodule",
    "swift-dependencies": "/Users/Nestor/Documents/iOSBackup/RxSwift_01/.build/debug/RxSwift.build/ShareReplay1.swiftdeps"
  },
  "/Users/Nestor/Documents/iOSBackup/RxSwift_01/Packages/RxSwift-3.4.1/Sources/RxSwift/ShareReplay1WhileConnected.swift": {
    "dependencies": "/Users/Nestor/Documents/iOSBackup/RxSwift_01/.build/debug/RxSwift.build/ShareReplay1WhileConnected.d",
    "object": "/Users/Nestor/Documents/iOSBackup/RxSwift_01/.build/debug/RxSwift.build/ShareReplay1WhileConnected.swift.o",
    "swiftmodule": "/Users/Nestor/Documents/iOSBackup/RxSwift_01/.build/debug/RxSwift.build/ShareReplay1WhileConnected~partial.swiftmodule",
    "swift-dependencies": "/Users/Nestor/Documents/iOSBackup/RxSwift_01/.build/debug/RxSwift.build/ShareReplay1WhileConnected.swiftdeps"
  },
  "/Users/Nestor/Documents/iOSBackup/RxSwift_01/Packages/RxSwift-3.4.1/Sources/RxSwift/SingleAssignmentDisposable.swift": {
    "dependencies": "/Users/Nestor/Documents/iOSBackup/RxSwift_01/.build/debug/RxSwift.build/SingleAssignmentDisposable.d",
    "object": "/Users/Nestor/Documents/iOSBackup/RxSwift_01/.build/debug/RxSwift.build/SingleAssignmentDisposable.swift.o",
    "swiftmodule": "/Users/Nestor/Documents/iOSBackup/RxSwift_01/.build/debug/RxSwift.build/SingleAssignmentDisposable~partial.swiftmodule",
    "swift-dependencies": "/Users/Nestor/Documents/iOSBackup/RxSwift_01/.build/debug/RxSwift.build/SingleAssignmentDisposable.swiftdeps"
  },
  "/Users/Nestor/Documents/iOSBackup/RxSwift_01/Packages/RxSwift-3.4.1/Sources/RxSwift/SingleAsync.swift": {
    "dependencies": "/Users/Nestor/Documents/iOSBackup/RxSwift_01/.build/debug/RxSwift.build/SingleAsync.d",
    "object": "/Users/Nestor/Documents/iOSBackup/RxSwift_01/.build/debug/RxSwift.build/SingleAsync.swift.o",
    "swiftmodule": "/Users/Nestor/Documents/iOSBackup/RxSwift_01/.build/debug/RxSwift.build/SingleAsync~partial.swiftmodule",
    "swift-dependencies": "/Users/Nestor/Documents/iOSBackup/RxSwift_01/.build/debug/RxSwift.build/SingleAsync.swiftdeps"
  },
  "/Users/Nestor/Documents/iOSBackup/RxSwift_01/Packages/RxSwift-3.4.1/Sources/RxSwift/Sink.swift": {
    "dependencies": "/Users/Nestor/Documents/iOSBackup/RxSwift_01/.build/debug/RxSwift.build/Sink.d",
    "object": "/Users/Nestor/Documents/iOSBackup/RxSwift_01/.build/debug/RxSwift.build/Sink.swift.o",
    "swiftmodule": "/Users/Nestor/Documents/iOSBackup/RxSwift_01/.build/debug/RxSwift.build/Sink~partial.swiftmodule",
    "swift-dependencies": "/Users/Nestor/Documents/iOSBackup/RxSwift_01/.build/debug/RxSwift.build/Sink.swiftdeps"
  },
  "/Users/Nestor/Documents/iOSBackup/RxSwift_01/Packages/RxSwift-3.4.1/Sources/RxSwift/Skip.swift": {
    "dependencies": "/Users/Nestor/Documents/iOSBackup/RxSwift_01/.build/debug/RxSwift.build/Skip.d",
    "object": "/Users/Nestor/Documents/iOSBackup/RxSwift_01/.build/debug/RxSwift.build/Skip.swift.o",
    "swiftmodule": "/Users/Nestor/Documents/iOSBackup/RxSwift_01/.build/debug/RxSwift.build/Skip~partial.swiftmodule",
    "swift-dependencies": "/Users/Nestor/Documents/iOSBackup/RxSwift_01/.build/debug/RxSwift.build/Skip.swiftdeps"
  },
  "/Users/Nestor/Documents/iOSBackup/RxSwift_01/Packages/RxSwift-3.4.1/Sources/RxSwift/SkipUntil.swift": {
    "dependencies": "/Users/Nestor/Documents/iOSBackup/RxSwift_01/.build/debug/RxSwift.build/SkipUntil.d",
    "object": "/Users/Nestor/Documents/iOSBackup/RxSwift_01/.build/debug/RxSwift.build/SkipUntil.swift.o",
    "swiftmodule": "/Users/Nestor/Documents/iOSBackup/RxSwift_01/.build/debug/RxSwift.build/SkipUntil~partial.swiftmodule",
    "swift-dependencies": "/Users/Nestor/Documents/iOSBackup/RxSwift_01/.build/debug/RxSwift.build/SkipUntil.swiftdeps"
  },
  "/Users/Nestor/Documents/iOSBackup/RxSwift_01/Packages/RxSwift-3.4.1/Sources/RxSwift/SkipWhile.swift": {
    "dependencies": "/Users/Nestor/Documents/iOSBackup/RxSwift_01/.build/debug/RxSwift.build/SkipWhile.d",
    "object": "/Users/Nestor/Documents/iOSBackup/RxSwift_01/.build/debug/RxSwift.build/SkipWhile.swift.o",
    "swiftmodule": "/Users/Nestor/Documents/iOSBackup/RxSwift_01/.build/debug/RxSwift.build/SkipWhile~partial.swiftmodule",
    "swift-dependencies": "/Users/Nestor/Documents/iOSBackup/RxSwift_01/.build/debug/RxSwift.build/SkipWhile.swiftdeps"
  },
  "/Users/Nestor/Documents/iOSBackup/RxSwift_01/Packages/RxSwift-3.4.1/Sources/RxSwift/StartWith.swift": {
    "dependencies": "/Users/Nestor/Documents/iOSBackup/RxSwift_01/.build/debug/RxSwift.build/StartWith.d",
    "object": "/Users/Nestor/Documents/iOSBackup/RxSwift_01/.build/debug/RxSwift.build/StartWith.swift.o",
    "swiftmodule": "/Users/Nestor/Documents/iOSBackup/RxSwift_01/.build/debug/RxSwift.build/StartWith~partial.swiftmodule",
    "swift-dependencies": "/Users/Nestor/Documents/iOSBackup/RxSwift_01/.build/debug/RxSwift.build/StartWith.swiftdeps"
  },
  "/Users/Nestor/Documents/iOSBackup/RxSwift_01/Packages/RxSwift-3.4.1/Sources/RxSwift/String+Rx.swift": {
    "dependencies": "/Users/Nestor/Documents/iOSBackup/RxSwift_01/.build/debug/RxSwift.build/String+Rx.d",
    "object": "/Users/Nestor/Documents/iOSBackup/RxSwift_01/.build/debug/RxSwift.build/String+Rx.swift.o",
    "swiftmodule": "/Users/Nestor/Documents/iOSBackup/RxSwift_01/.build/debug/RxSwift.build/String+Rx~partial.swiftmodule",
    "swift-dependencies": "/Users/Nestor/Documents/iOSBackup/RxSwift_01/.build/debug/RxSwift.build/String+Rx.swiftdeps"
  },
  "/Users/Nestor/Documents/iOSBackup/RxSwift_01/Packages/RxSwift-3.4.1/Sources/RxSwift/SubjectType.swift": {
    "dependencies": "/Users/Nestor/Documents/iOSBackup/RxSwift_01/.build/debug/RxSwift.build/SubjectType.d",
    "object": "/Users/Nestor/Documents/iOSBackup/RxSwift_01/.build/debug/RxSwift.build/SubjectType.swift.o",
    "swiftmodule": "/Users/Nestor/Documents/iOSBackup/RxSwift_01/.build/debug/RxSwift.build/SubjectType~partial.swiftmodule",
    "swift-dependencies": "/Users/Nestor/Documents/iOSBackup/RxSwift_01/.build/debug/RxSwift.build/SubjectType.swiftdeps"
  },
  "/Users/Nestor/Documents/iOSBackup/RxSwift_01/Packages/RxSwift-3.4.1/Sources/RxSwift/SubscribeOn.swift": {
    "dependencies": "/Users/Nestor/Documents/iOSBackup/RxSwift_01/.build/debug/RxSwift.build/SubscribeOn.d",
    "object": "/Users/Nestor/Documents/iOSBackup/RxSwift_01/.build/debug/RxSwift.build/SubscribeOn.swift.o",
    "swiftmodule": "/Users/Nestor/Documents/iOSBackup/RxSwift_01/.build/debug/RxSwift.build/SubscribeOn~partial.swiftmodule",
    "swift-dependencies": "/Users/Nestor/Documents/iOSBackup/RxSwift_01/.build/debug/RxSwift.build/SubscribeOn.swiftdeps"
  },
  "/Users/Nestor/Documents/iOSBackup/RxSwift_01/Packages/RxSwift-3.4.1/Sources/RxSwift/SubscriptionDisposable.swift": {
    "dependencies": "/Users/Nestor/Documents/iOSBackup/RxSwift_01/.build/debug/RxSwift.build/SubscriptionDisposable.d",
    "object": "/Users/Nestor/Documents/iOSBackup/RxSwift_01/.build/debug/RxSwift.build/SubscriptionDisposable.swift.o",
    "swiftmodule": "/Users/Nestor/Documents/iOSBackup/RxSwift_01/.build/debug/RxSwift.build/SubscriptionDisposable~partial.swiftmodule",
    "swift-dependencies": "/Users/Nestor/Documents/iOSBackup/RxSwift_01/.build/debug/RxSwift.build/SubscriptionDisposable.swiftdeps"
  },
  "/Users/Nestor/Documents/iOSBackup/RxSwift_01/Packages/RxSwift-3.4.1/Sources/RxSwift/Switch.swift": {
    "dependencies": "/Users/Nestor/Documents/iOSBackup/RxSwift_01/.build/debug/RxSwift.build/Switch.d",
    "object": "/Users/Nestor/Documents/iOSBackup/RxSwift_01/.build/debug/RxSwift.build/Switch.swift.o",
    "swiftmodule": "/Users/Nestor/Documents/iOSBackup/RxSwift_01/.build/debug/RxSwift.build/Switch~partial.swiftmodule",
    "swift-dependencies": "/Users/Nestor/Documents/iOSBackup/RxSwift_01/.build/debug/RxSwift.build/Switch.swiftdeps"
  },
  "/Users/Nestor/Documents/iOSBackup/RxSwift_01/Packages/RxSwift-3.4.1/Sources/RxSwift/SwitchIfEmpty.swift": {
    "dependencies": "/Users/Nestor/Documents/iOSBackup/RxSwift_01/.build/debug/RxSwift.build/SwitchIfEmpty.d",
    "object": "/Users/Nestor/Documents/iOSBackup/RxSwift_01/.build/debug/RxSwift.build/SwitchIfEmpty.swift.o",
    "swiftmodule": "/Users/Nestor/Documents/iOSBackup/RxSwift_01/.build/debug/RxSwift.build/SwitchIfEmpty~partial.swiftmodule",
    "swift-dependencies": "/Users/Nestor/Documents/iOSBackup/RxSwift_01/.build/debug/RxSwift.build/SwitchIfEmpty.swiftdeps"
  },
  "/Users/Nestor/Documents/iOSBackup/RxSwift_01/Packages/RxSwift-3.4.1/Sources/RxSwift/SynchronizedDisposeType.swift": {
    "dependencies": "/Users/Nestor/Documents/iOSBackup/RxSwift_01/.build/debug/RxSwift.build/SynchronizedDisposeType.d",
    "object": "/Users/Nestor/Documents/iOSBackup/RxSwift_01/.build/debug/RxSwift.build/SynchronizedDisposeType.swift.o",
    "swiftmodule": "/Users/Nestor/Documents/iOSBackup/RxSwift_01/.build/debug/RxSwift.build/SynchronizedDisposeType~partial.swiftmodule",
    "swift-dependencies": "/Users/Nestor/Documents/iOSBackup/RxSwift_01/.build/debug/RxSwift.build/SynchronizedDisposeType.swiftdeps"
  },
  "/Users/Nestor/Documents/iOSBackup/RxSwift_01/Packages/RxSwift-3.4.1/Sources/RxSwift/SynchronizedOnType.swift": {
    "dependencies": "/Users/Nestor/Documents/iOSBackup/RxSwift_01/.build/debug/RxSwift.build/SynchronizedOnType.d",
    "object": "/Users/Nestor/Documents/iOSBackup/RxSwift_01/.build/debug/RxSwift.build/SynchronizedOnType.swift.o",
    "swiftmodule": "/Users/Nestor/Documents/iOSBackup/RxSwift_01/.build/debug/RxSwift.build/SynchronizedOnType~partial.swiftmodule",
    "swift-dependencies": "/Users/Nestor/Documents/iOSBackup/RxSwift_01/.build/debug/RxSwift.build/SynchronizedOnType.swiftdeps"
  },
  "/Users/Nestor/Documents/iOSBackup/RxSwift_01/Packages/RxSwift-3.4.1/Sources/RxSwift/SynchronizedSubscribeType.swift": {
    "dependencies": "/Users/Nestor/Documents/iOSBackup/RxSwift_01/.build/debug/RxSwift.build/SynchronizedSubscribeType.d",
    "object": "/Users/Nestor/Documents/iOSBackup/RxSwift_01/.build/debug/RxSwift.build/SynchronizedSubscribeType.swift.o",
    "swiftmodule": "/Users/Nestor/Documents/iOSBackup/RxSwift_01/.build/debug/RxSwift.build/SynchronizedSubscribeType~partial.swiftmodule",
    "swift-dependencies": "/Users/Nestor/Documents/iOSBackup/RxSwift_01/.build/debug/RxSwift.build/SynchronizedSubscribeType.swiftdeps"
  },
  "/Users/Nestor/Documents/iOSBackup/RxSwift_01/Packages/RxSwift-3.4.1/Sources/RxSwift/SynchronizedUnsubscribeType.swift": {
    "dependencies": "/Users/Nestor/Documents/iOSBackup/RxSwift_01/.build/debug/RxSwift.build/SynchronizedUnsubscribeType.d",
    "object": "/Users/Nestor/Documents/iOSBackup/RxSwift_01/.build/debug/RxSwift.build/SynchronizedUnsubscribeType.swift.o",
    "swiftmodule": "/Users/Nestor/Documents/iOSBackup/RxSwift_01/.build/debug/RxSwift.build/SynchronizedUnsubscribeType~partial.swiftmodule",
    "swift-dependencies": "/Users/Nestor/Documents/iOSBackup/RxSwift_01/.build/debug/RxSwift.build/SynchronizedUnsubscribeType.swiftdeps"
  },
  "/Users/Nestor/Documents/iOSBackup/RxSwift_01/Packages/RxSwift-3.4.1/Sources/RxSwift/TailRecursiveSink.swift": {
    "dependencies": "/Users/Nestor/Documents/iOSBackup/RxSwift_01/.build/debug/RxSwift.build/TailRecursiveSink.d",
    "object": "/Users/Nestor/Documents/iOSBackup/RxSwift_01/.build/debug/RxSwift.build/TailRecursiveSink.swift.o",
    "swiftmodule": "/Users/Nestor/Documents/iOSBackup/RxSwift_01/.build/debug/RxSwift.build/TailRecursiveSink~partial.swiftmodule",
    "swift-dependencies": "/Users/Nestor/Documents/iOSBackup/RxSwift_01/.build/debug/RxSwift.build/TailRecursiveSink.swiftdeps"
  },
  "/Users/Nestor/Documents/iOSBackup/RxSwift_01/Packages/RxSwift-3.4.1/Sources/RxSwift/Take.swift": {
    "dependencies": "/Users/Nestor/Documents/iOSBackup/RxSwift_01/.build/debug/RxSwift.build/Take.d",
    "object": "/Users/Nestor/Documents/iOSBackup/RxSwift_01/.build/debug/RxSwift.build/Take.swift.o",
    "swiftmodule": "/Users/Nestor/Documents/iOSBackup/RxSwift_01/.build/debug/RxSwift.build/Take~partial.swiftmodule",
    "swift-dependencies": "/Users/Nestor/Documents/iOSBackup/RxSwift_01/.build/debug/RxSwift.build/Take.swiftdeps"
  },
  "/Users/Nestor/Documents/iOSBackup/RxSwift_01/Packages/RxSwift-3.4.1/Sources/RxSwift/TakeLast.swift": {
    "dependencies": "/Users/Nestor/Documents/iOSBackup/RxSwift_01/.build/debug/RxSwift.build/TakeLast.d",
    "object": "/Users/Nestor/Documents/iOSBackup/RxSwift_01/.build/debug/RxSwift.build/TakeLast.swift.o",
    "swiftmodule": "/Users/Nestor/Documents/iOSBackup/RxSwift_01/.build/debug/RxSwift.build/TakeLast~partial.swiftmodule",
    "swift-dependencies": "/Users/Nestor/Documents/iOSBackup/RxSwift_01/.build/debug/RxSwift.build/TakeLast.swiftdeps"
  },
  "/Users/Nestor/Documents/iOSBackup/RxSwift_01/Packages/RxSwift-3.4.1/Sources/RxSwift/TakeUntil.swift": {
    "dependencies": "/Users/Nestor/Documents/iOSBackup/RxSwift_01/.build/debug/RxSwift.build/TakeUntil.d",
    "object": "/Users/Nestor/Documents/iOSBackup/RxSwift_01/.build/debug/RxSwift.build/TakeUntil.swift.o",
    "swiftmodule": "/Users/Nestor/Documents/iOSBackup/RxSwift_01/.build/debug/RxSwift.build/TakeUntil~partial.swiftmodule",
    "swift-dependencies": "/Users/Nestor/Documents/iOSBackup/RxSwift_01/.build/debug/RxSwift.build/TakeUntil.swiftdeps"
  },
  "/Users/Nestor/Documents/iOSBackup/RxSwift_01/Packages/RxSwift-3.4.1/Sources/RxSwift/TakeWhile.swift": {
    "dependencies": "/Users/Nestor/Documents/iOSBackup/RxSwift_01/.build/debug/RxSwift.build/TakeWhile.d",
    "object": "/Users/Nestor/Documents/iOSBackup/RxSwift_01/.build/debug/RxSwift.build/TakeWhile.swift.o",
    "swiftmodule": "/Users/Nestor/Documents/iOSBackup/RxSwift_01/.build/debug/RxSwift.build/TakeWhile~partial.swiftmodule",
    "swift-dependencies": "/Users/Nestor/Documents/iOSBackup/RxSwift_01/.build/debug/RxSwift.build/TakeWhile.swiftdeps"
  },
  "/Users/Nestor/Documents/iOSBackup/RxSwift_01/Packages/RxSwift-3.4.1/Sources/RxSwift/Throttle.swift": {
    "dependencies": "/Users/Nestor/Documents/iOSBackup/RxSwift_01/.build/debug/RxSwift.build/Throttle.d",
    "object": "/Users/Nestor/Documents/iOSBackup/RxSwift_01/.build/debug/RxSwift.build/Throttle.swift.o",
    "swiftmodule": "/Users/Nestor/Documents/iOSBackup/RxSwift_01/.build/debug/RxSwift.build/Throttle~partial.swiftmodule",
    "swift-dependencies": "/Users/Nestor/Documents/iOSBackup/RxSwift_01/.build/debug/RxSwift.build/Throttle.swiftdeps"
  },
  "/Users/Nestor/Documents/iOSBackup/RxSwift_01/Packages/RxSwift-3.4.1/Sources/RxSwift/Timeout.swift": {
    "dependencies": "/Users/Nestor/Documents/iOSBackup/RxSwift_01/.build/debug/RxSwift.build/Timeout.d",
    "object": "/Users/Nestor/Documents/iOSBackup/RxSwift_01/.build/debug/RxSwift.build/Timeout.swift.o",
    "swiftmodule": "/Users/Nestor/Documents/iOSBackup/RxSwift_01/.build/debug/RxSwift.build/Timeout~partial.swiftmodule",
    "swift-dependencies": "/Users/Nestor/Documents/iOSBackup/RxSwift_01/.build/debug/RxSwift.build/Timeout.swiftdeps"
  },
  "/Users/Nestor/Documents/iOSBackup/RxSwift_01/Packages/RxSwift-3.4.1/Sources/RxSwift/Timer.swift": {
    "dependencies": "/Users/Nestor/Documents/iOSBackup/RxSwift_01/.build/debug/RxSwift.build/Timer.d",
    "object": "/Users/Nestor/Documents/iOSBackup/RxSwift_01/.build/debug/RxSwift.build/Timer.swift.o",
    "swiftmodule": "/Users/Nestor/Documents/iOSBackup/RxSwift_01/.build/debug/RxSwift.build/Timer~partial.swiftmodule",
    "swift-dependencies": "/Users/Nestor/Documents/iOSBackup/RxSwift_01/.build/debug/RxSwift.build/Timer.swiftdeps"
  },
  "/Users/Nestor/Documents/iOSBackup/RxSwift_01/Packages/RxSwift-3.4.1/Sources/RxSwift/ToArray.swift": {
    "dependencies": "/Users/Nestor/Documents/iOSBackup/RxSwift_01/.build/debug/RxSwift.build/ToArray.d",
    "object": "/Users/Nestor/Documents/iOSBackup/RxSwift_01/.build/debug/RxSwift.build/ToArray.swift.o",
    "swiftmodule": "/Users/Nestor/Documents/iOSBackup/RxSwift_01/.build/debug/RxSwift.build/ToArray~partial.swiftmodule",
    "swift-dependencies": "/Users/Nestor/Documents/iOSBackup/RxSwift_01/.build/debug/RxSwift.build/ToArray.swiftdeps"
  },
  "/Users/Nestor/Documents/iOSBackup/RxSwift_01/Packages/RxSwift-3.4.1/Sources/RxSwift/Using.swift": {
    "dependencies": "/Users/Nestor/Documents/iOSBackup/RxSwift_01/.build/debug/RxSwift.build/Using.d",
    "object": "/Users/Nestor/Documents/iOSBackup/RxSwift_01/.build/debug/RxSwift.build/Using.swift.o",
    "swiftmodule": "/Users/Nestor/Documents/iOSBackup/RxSwift_01/.build/debug/RxSwift.build/Using~partial.swiftmodule",
    "swift-dependencies": "/Users/Nestor/Documents/iOSBackup/RxSwift_01/.build/debug/RxSwift.build/Using.swiftdeps"
  },
  "/Users/Nestor/Documents/iOSBackup/RxSwift_01/Packages/RxSwift-3.4.1/Sources/RxSwift/Variable.swift": {
    "dependencies": "/Users/Nestor/Documents/iOSBackup/RxSwift_01/.build/debug/RxSwift.build/Variable.d",
    "object": "/Users/Nestor/Documents/iOSBackup/RxSwift_01/.build/debug/RxSwift.build/Variable.swift.o",
    "swiftmodule": "/Users/Nestor/Documents/iOSBackup/RxSwift_01/.build/debug/RxSwift.build/Variable~partial.swiftmodule",
    "swift-dependencies": "/Users/Nestor/Documents/iOSBackup/RxSwift_01/.build/debug/RxSwift.build/Variable.swiftdeps"
  },
  "/Users/Nestor/Documents/iOSBackup/RxSwift_01/Packages/RxSwift-3.4.1/Sources/RxSwift/VirtualTimeConverterType.swift": {
    "dependencies": "/Users/Nestor/Documents/iOSBackup/RxSwift_01/.build/debug/RxSwift.build/VirtualTimeConverterType.d",
    "object": "/Users/Nestor/Documents/iOSBackup/RxSwift_01/.build/debug/RxSwift.build/VirtualTimeConverterType.swift.o",
    "swiftmodule": "/Users/Nestor/Documents/iOSBackup/RxSwift_01/.build/debug/RxSwift.build/VirtualTimeConverterType~partial.swiftmodule",
    "swift-dependencies": "/Users/Nestor/Documents/iOSBackup/RxSwift_01/.build/debug/RxSwift.build/VirtualTimeConverterType.swiftdeps"
  },
  "/Users/Nestor/Documents/iOSBackup/RxSwift_01/Packages/RxSwift-3.4.1/Sources/RxSwift/VirtualTimeScheduler.swift": {
    "dependencies": "/Users/Nestor/Documents/iOSBackup/RxSwift_01/.build/debug/RxSwift.build/VirtualTimeScheduler.d",
    "object": "/Users/Nestor/Documents/iOSBackup/RxSwift_01/.build/debug/RxSwift.build/VirtualTimeScheduler.swift.o",
    "swiftmodule": "/Users/Nestor/Documents/iOSBackup/RxSwift_01/.build/debug/RxSwift.build/VirtualTimeScheduler~partial.swiftmodule",
    "swift-dependencies": "/Users/Nestor/Documents/iOSBackup/RxSwift_01/.build/debug/RxSwift.build/VirtualTimeScheduler.swiftdeps"
  },
  "/Users/Nestor/Documents/iOSBackup/RxSwift_01/Packages/RxSwift-3.4.1/Sources/RxSwift/Window.swift": {
    "dependencies": "/Users/Nestor/Documents/iOSBackup/RxSwift_01/.build/debug/RxSwift.build/Window.d",
    "object": "/Users/Nestor/Documents/iOSBackup/RxSwift_01/.build/debug/RxSwift.build/Window.swift.o",
    "swiftmodule": "/Users/Nestor/Documents/iOSBackup/RxSwift_01/.build/debug/RxSwift.build/Window~partial.swiftmodule",
    "swift-dependencies": "/Users/Nestor/Documents/iOSBackup/RxSwift_01/.build/debug/RxSwift.build/Window.swiftdeps"
  },
  "/Users/Nestor/Documents/iOSBackup/RxSwift_01/Packages/RxSwift-3.4.1/Sources/RxSwift/WithLatestFrom.swift": {
    "dependencies": "/Users/Nestor/Documents/iOSBackup/RxSwift_01/.build/debug/RxSwift.build/WithLatestFrom.d",
    "object": "/Users/Nestor/Documents/iOSBackup/RxSwift_01/.build/debug/RxSwift.build/WithLatestFrom.swift.o",
    "swiftmodule": "/Users/Nestor/Documents/iOSBackup/RxSwift_01/.build/debug/RxSwift.build/WithLatestFrom~partial.swiftmodule",
    "swift-dependencies": "/Users/Nestor/Documents/iOSBackup/RxSwift_01/.build/debug/RxSwift.build/WithLatestFrom.swiftdeps"
  },
  "/Users/Nestor/Documents/iOSBackup/RxSwift_01/Packages/RxSwift-3.4.1/Sources/RxSwift/Zip+arity.swift": {
    "dependencies": "/Users/Nestor/Documents/iOSBackup/RxSwift_01/.build/debug/RxSwift.build/Zip+arity.d",
    "object": "/Users/Nestor/Documents/iOSBackup/RxSwift_01/.build/debug/RxSwift.build/Zip+arity.swift.o",
    "swiftmodule": "/Users/Nestor/Documents/iOSBackup/RxSwift_01/.build/debug/RxSwift.build/Zip+arity~partial.swiftmodule",
    "swift-dependencies": "/Users/Nestor/Documents/iOSBackup/RxSwift_01/.build/debug/RxSwift.build/Zip+arity.swiftdeps"
  },
  "/Users/Nestor/Documents/iOSBackup/RxSwift_01/Packages/RxSwift-3.4.1/Sources/RxSwift/Zip+Collection.swift": {
    "dependencies": "/Users/Nestor/Documents/iOSBackup/RxSwift_01/.build/debug/RxSwift.build/Zip+Collection.d",
    "object": "/Users/Nestor/Documents/iOSBackup/RxSwift_01/.build/debug/RxSwift.build/Zip+Collection.swift.o",
    "swiftmodule": "/Users/Nestor/Documents/iOSBackup/RxSwift_01/.build/debug/RxSwift.build/Zip+Collection~partial.swiftmodule",
    "swift-dependencies": "/Users/Nestor/Documents/iOSBackup/RxSwift_01/.build/debug/RxSwift.build/Zip+Collection.swiftdeps"
  },
  "/Users/Nestor/Documents/iOSBackup/RxSwift_01/Packages/RxSwift-3.4.1/Sources/RxSwift/Zip.swift": {
    "dependencies": "/Users/Nestor/Documents/iOSBackup/RxSwift_01/.build/debug/RxSwift.build/Zip.d",
    "object": "/Users/Nestor/Documents/iOSBackup/RxSwift_01/.build/debug/RxSwift.build/Zip.swift.o",
    "swiftmodule": "/Users/Nestor/Documents/iOSBackup/RxSwift_01/.build/debug/RxSwift.build/Zip~partial.swiftmodule",
    "swift-dependencies": "/Users/Nestor/Documents/iOSBackup/RxSwift_01/.build/debug/RxSwift.build/Zip.swiftdeps"
  }
}
