{
  "": {
    "swift-dependencies": "/Users/Nestor/Documents/iOSBackup/RxSwift_01/.build/debug/RxBlocking.build/master.swiftdeps"
  },
  "/Users/Nestor/Documents/iOSBackup/RxSwift_01/Packages/RxSwift-3.4.1/Sources/RxBlocking/BlockingObservable+Operators.swift": {
    "dependencies": "/Users/Nestor/Documents/iOSBackup/RxSwift_01/.build/debug/RxBlocking.build/BlockingObservable+Operators.d",
    "object": "/Users/Nestor/Documents/iOSBackup/RxSwift_01/.build/debug/RxBlocking.build/BlockingObservable+Operators.swift.o",
    "swiftmodule": "/Users/Nestor/Documents/iOSBackup/RxSwift_01/.build/debug/RxBlocking.build/BlockingObservable+Operators~partial.swiftmodule",
    "swift-dependencies": "/Users/Nestor/Documents/iOSBackup/RxSwift_01/.build/debug/RxBlocking.build/BlockingObservable+Operators.swiftdeps"
  },
  "/Users/Nestor/Documents/iOSBackup/RxSwift_01/Packages/RxSwift-3.4.1/Sources/RxBlocking/BlockingObservable.swift": {
    "dependencies": "/Users/Nestor/Documents/iOSBackup/RxSwift_01/.build/debug/RxBlocking.build/BlockingObservable.d",
    "object": "/Users/Nestor/Documents/iOSBackup/RxSwift_01/.build/debug/RxBlocking.build/BlockingObservable.swift.o",
    "swiftmodule": "/Users/Nestor/Documents/iOSBackup/RxSwift_01/.build/debug/RxBlocking.build/BlockingObservable~partial.swiftmodule",
    "swift-dependencies": "/Users/Nestor/Documents/iOSBackup/RxSwift_01/.build/debug/RxBlocking.build/BlockingObservable.swiftdeps"
  },
  "/Users/Nestor/Documents/iOSBackup/RxSwift_01/Packages/RxSwift-3.4.1/Sources/RxBlocking/ObservableConvertibleType+Blocking.swift": {
    "dependencies": "/Users/Nestor/Documents/iOSBackup/RxSwift_01/.build/debug/RxBlocking.build/ObservableConvertibleType+Blocking.d",
    "object": "/Users/Nestor/Documents/iOSBackup/RxSwift_01/.build/debug/RxBlocking.build/ObservableConvertibleType+Blocking.swift.o",
    "swiftmodule": "/Users/Nestor/Documents/iOSBackup/RxSwift_01/.build/debug/RxBlocking.build/ObservableConvertibleType+Blocking~partial.swiftmodule",
    "swift-dependencies": "/Users/Nestor/Documents/iOSBackup/RxSwift_01/.build/debug/RxBlocking.build/ObservableConvertibleType+Blocking.swiftdeps"
  },
  "/Users/Nestor/Documents/iOSBackup/RxSwift_01/Packages/RxSwift-3.4.1/Sources/RxBlocking/Platform.Darwin.swift": {
    "dependencies": "/Users/Nestor/Documents/iOSBackup/RxSwift_01/.build/debug/RxBlocking.build/Platform.Darwin.d",
    "object": "/Users/Nestor/Documents/iOSBackup/RxSwift_01/.build/debug/RxBlocking.build/Platform.Darwin.swift.o",
    "swiftmodule": "/Users/Nestor/Documents/iOSBackup/RxSwift_01/.build/debug/RxBlocking.build/Platform.Darwin~partial.swiftmodule",
    "swift-dependencies": "/Users/Nestor/Documents/iOSBackup/RxSwift_01/.build/debug/RxBlocking.build/Platform.Darwin.swiftdeps"
  },
  "/Users/Nestor/Documents/iOSBackup/RxSwift_01/Packages/RxSwift-3.4.1/Sources/RxBlocking/Platform.Linux.swift": {
    "dependencies": "/Users/Nestor/Documents/iOSBackup/RxSwift_01/.build/debug/RxBlocking.build/Platform.Linux.d",
    "object": "/Users/Nestor/Documents/iOSBackup/RxSwift_01/.build/debug/RxBlocking.build/Platform.Linux.swift.o",
    "swiftmodule": "/Users/Nestor/Documents/iOSBackup/RxSwift_01/.build/debug/RxBlocking.build/Platform.Linux~partial.swiftmodule",
    "swift-dependencies": "/Users/Nestor/Documents/iOSBackup/RxSwift_01/.build/debug/RxBlocking.build/Platform.Linux.swiftdeps"
  },
  "/Users/Nestor/Documents/iOSBackup/RxSwift_01/Packages/RxSwift-3.4.1/Sources/RxBlocking/RecursiveLock.swift": {
    "dependencies": "/Users/Nestor/Documents/iOSBackup/RxSwift_01/.build/debug/RxBlocking.build/RecursiveLock.d",
    "object": "/Users/Nestor/Documents/iOSBackup/RxSwift_01/.build/debug/RxBlocking.build/RecursiveLock.swift.o",
    "swiftmodule": "/Users/Nestor/Documents/iOSBackup/RxSwift_01/.build/debug/RxBlocking.build/RecursiveLock~partial.swiftmodule",
    "swift-dependencies": "/Users/Nestor/Documents/iOSBackup/RxSwift_01/.build/debug/RxBlocking.build/RecursiveLock.swiftdeps"
  },
  "/Users/Nestor/Documents/iOSBackup/RxSwift_01/Packages/RxSwift-3.4.1/Sources/RxBlocking/Resources.swift": {
    "dependencies": "/Users/Nestor/Documents/iOSBackup/RxSwift_01/.build/debug/RxBlocking.build/Resources.d",
    "object": "/Users/Nestor/Documents/iOSBackup/RxSwift_01/.build/debug/RxBlocking.build/Resources.swift.o",
    "swiftmodule": "/Users/Nestor/Documents/iOSBackup/RxSwift_01/.build/debug/RxBlocking.build/Resources~partial.swiftmodule",
    "swift-dependencies": "/Users/Nestor/Documents/iOSBackup/RxSwift_01/.build/debug/RxBlocking.build/Resources.swiftdeps"
  },
  "/Users/Nestor/Documents/iOSBackup/RxSwift_01/Packages/RxSwift-3.4.1/Sources/RxBlocking/RunLoopLock.swift": {
    "dependencies": "/Users/Nestor/Documents/iOSBackup/RxSwift_01/.build/debug/RxBlocking.build/RunLoopLock.d",
    "object": "/Users/Nestor/Documents/iOSBackup/RxSwift_01/.build/debug/RxBlocking.build/RunLoopLock.swift.o",
    "swiftmodule": "/Users/Nestor/Documents/iOSBackup/RxSwift_01/.build/debug/RxBlocking.build/RunLoopLock~partial.swiftmodule",
    "swift-dependencies": "/Users/Nestor/Documents/iOSBackup/RxSwift_01/.build/debug/RxBlocking.build/RunLoopLock.swiftdeps"
  }
}
